Years;SCH15;STO15;WIL16;BCC;CCSM;GISS;IPSL;MPI
1001;0.0910;;-0.2208;-0.4074;-0.9475;0.4056;-1.2959;-0.6413
1002;0.1500;;-0.2208;-0.8981;-1.0918;0.2888;-0.7736;-0.9757
1003;-0.3010;;-0.3131;-0.9146;-0.8062;-0.2537;-1.4451;-0.8966
1004;-0.2465;;-0.2577;-0.6610;-0.5720;-0.1044;-1.4617;-0.6202
1005;0.0725;;0.0194;-0.5749;-0.6674;0.0728;-1.2073;-0.7228
1006;0.1527;;-0.0545;-0.7344;-0.7181;-0.2749;-0.8698;-1.2706
1007;-0.1624;;-0.3316;-0.5030;-0.6898;-0.1857;-1.0208;-1.1704
1008;0.0401;;-0.2023;-0.3328;-0.6244;-0.0626;-1.4452;-0.6259
1009;0.2607;;-0.2208;-0.7733;-0.7077;-0.0233;-1.3698;-0.4897
1010;-0.1280;;-0.4794;-0.2895;-0.7620;0.1228;-0.8578;-0.4863
1011;-0.0230;;-0.0730;-0.5729;-0.5533;0.2442;-0.9322;-0.2844
1012;-0.2431;;-0.1653;-0.5471;-0.6198;0.0882;-1.2532;-0.5585
1013;0.0097;;-0.1284;-0.6118;-0.5402;0.4222;-0.8887;-0.6845
1014;0.2661;;0.3149;-0.5646;-0.3715;0.1704;-1.2794;-0.6112
1015;-0.0324;;-0.0176;-0.4697;-0.7076;0.1271;-0.8678;-0.4618
1016;0.1871;;0.0748;-0.6994;-0.2894;0.0809;-1.0499;-0.5925
1017;-0.0377;;0.0748;-0.7236;-0.7090;0.2549;-0.9757;-0.4704
1018;0.3170;;0.5181;-0.6719;-0.6655;-0.7297;-0.9594;-1.1571
1019;0.2773;;0.1117;-0.9194;-0.5205;-0.1526;-1.1730;-0.8588
1020;0.2855;;-0.0915;-0.4989;-0.2034;0.1229;-1.1630;-0.4739
1021;0.2263;;-0.3131;-0.6598;-0.3316;-0.3895;-1.0735;-1.1044
1022;0.2238;;0.1117;-0.1881;-0.8442;-0.2740;-1.2110;-0.6607
1023;0.0398;;-0.0176;-0.6828;-0.5829;-0.1219;-0.8628;-0.5598
1024;0.1416;;-0.1813;-0.4673;-0.6696;0.0324;-1.2484;-0.7054
1025;0.3484;;-0.1452;-0.6099;-0.5637;-0.5995;-0.8388;-1.2728
1026;0.0977;;0.0170;-0.1429;-0.3071;-0.1939;-0.8633;-0.6692
1027;0.0244;;-0.1452;-0.6102;-0.4884;-0.0890;-0.6382;-0.7953
1028;0.4611;;0.2874;-0.5765;-0.5889;0.0504;-0.8596;-0.4844
1029;-0.1089;;-0.1633;-0.4828;-0.6975;0.1225;-0.8141;-0.3142
1030;0.2589;;-0.1452;-0.3706;-0.3533;-0.0285;-0.7741;-0.6196
1031;0.1416;;-0.3435;-1.0030;-0.3801;-0.0934;-0.7677;-0.3400
1032;-0.2853;;-0.8122;-0.6480;-0.5313;0.1199;-1.0307;-0.4392
1033;0.4751;;0.0170;-0.2463;-0.9073;0.1229;-1.3173;-1.1643
1034;0.2017;;-0.1452;-0.8230;-0.7716;-0.1657;-1.3287;-0.6106
1035;-0.0246;;-0.2534;-0.9316;-0.3502;0.1315;-1.0414;-0.1562
1036;-0.0329;;-0.2714;-0.4717;-0.4376;0.1298;-1.2098;-0.5347
1037;0.2023;;-0.1993;-0.7770;-0.5254;-0.3556;-1.3572;-0.6362
1038;0.2244;;-0.0371;-0.4645;-0.5656;-0.2875;-1.5479;-0.5187
1039;0.0917;;0.3054;-0.4098;-0.5383;0.3393;-1.0958;-0.6145
1040;-0.0074;;-0.2237;-0.1092;-0.6745;0.0855;-0.9281;-0.6971
1041;0.2040;;-0.0280;-0.9130;-0.4974;-0.7020;-1.1727;-1.0218
1042;0.0196;;-0.2059;-0.4421;-0.2898;-0.5425;-1.0218;-1.0470
1043;0.1145;;0.0609;-0.1984;-0.5947;-0.1719;-1.3747;-0.6446
1044;0.0906;;-0.2415;-0.5079;-0.5201;-0.0952;-1.2476;-0.8649
1045;0.1460;;-0.1526;-0.4337;-0.3509;-0.2656;-1.2188;-1.1831
1046;-0.0471;;-0.2593;-0.2320;-0.4854;-0.0969;-1.2192;-0.7065
1047;-0.0501;;-0.5083;-0.5908;-0.5085;-0.2201;-1.3040;-0.9874
1048;0.5177;;-0.4372;-0.5605;-0.7914;-0.0122;-1.1503;-0.6516
1049;0.1126;;-0.2237;-0.5508;-0.4789;0.0773;-1.8369;-0.6020
1050;0.0274;;-0.2949;-0.6560;-0.6621;0.0823;-1.3263;-0.5097
1051;0.0066;;-0.3838;-0.3043;-0.6104;-0.2106;-1.1950;-0.6787
1052;0.3049;;-0.3305;-0.5513;-0.8129;0.0673;-1.5154;0.2506
1053;0.0231;;-0.1147;-0.5835;-0.8803;-0.1238;-1.3975;-0.0174
1054;-0.0870;;-0.4403;-0.4063;-0.8874;0.0786;-1.3318;-0.1595
1055;-0.2685;;-0.2956;-0.6775;-0.5195;0.1836;-1.3912;-0.2868
1056;0.0762;;-0.2051;-0.3261;-0.4496;0.0947;-1.1346;-0.5467
1057;0.1868;;0.1566;-0.3970;-0.6038;0.0666;-1.5164;-0.2398
1058;0.2605;;0.0481;-0.3658;-0.6905;0.2143;-1.2200;-0.3040
1059;0.2806;;-0.1328;-0.9736;-0.3516;-0.0548;-1.2957;-0.5000
1060;0.1711;;0.0300;-0.6632;-0.2445;-0.5433;-1.3241;-0.9621
1061;0.2462;;0.1928;-0.6349;-0.4172;-0.3716;-1.0536;-1.0935
1062;0.0639;;-0.0424;-0.4371;-0.4374;0.1137;-0.7009;-0.3619
1063;-0.2438;;-0.2594;-0.6083;-0.7050;-0.1404;-0.7904;-0.5717
1064;0.3377;;-0.1328;-0.6997;-0.7232;-0.1370;-0.8403;-0.8734
1065;-0.1270;;-0.1690;-0.6729;-0.9483;-0.0470;-0.7533;-0.4470
1066;0.2338;;-0.1328;-0.4813;-0.9195;0.1389;-1.0611;-0.5163
1067;0.0309;;-0.2956;-0.6922;-0.2653;-0.2483;-0.9747;-0.7062
1068;-0.4146;;-0.3679;-0.6832;-0.7577;-0.0914;-0.9850;-1.2006
1069;0.0362;;-0.3318;-0.6527;-0.6474;0.0230;-0.9165;-0.5803
1070;0.0256;;0.0481;-0.9242;-0.6044;-0.0284;-1.0524;-0.4490
1071;0.0096;;-0.1690;-0.4885;-0.8776;-0.1717;-1.0988;-0.7892
1072;-0.0645;;0.0481;-0.4626;-0.4226;-0.0784;-1.2651;-0.5881
1073;0.1219;;-0.0294;-0.4282;-0.2868;0.0482;-1.0696;-0.6660
1074;0.3892;;0.0905;-0.4209;-0.0301;-0.3025;-0.7640;-0.7914
1075;0.1215;;-0.1150;-0.7244;-0.6178;-0.0315;-1.0212;-0.8638
1076;0.0494;;-0.2862;-0.6556;-0.1390;-0.0520;-0.9079;-0.2095
1077;-0.3294;;-0.0636;-0.5625;-0.4792;-0.1236;-0.8814;-0.5657
1078;0.0404;;0.0391;-0.8487;-0.0713;-0.2138;-0.7385;-0.5842
1079;0.2545;;0.1247;-0.6917;-0.4044;-0.0313;-1.1715;-0.2379
1080;0.1091;;-0.0465;-0.3813;-0.6894;-0.0642;-0.9574;-0.8670
1081;0.2537;;0.0391;-0.3655;-0.5302;-0.0457;-1.0185;-0.3885
1082;-0.0128;;-0.1321;-0.9261;-0.8969;-0.2106;-1.0424;-0.2676
1083;-0.0304;;-0.1835;-0.4315;-0.7366;-0.1435;-1.1329;-0.7768
1084;0.3259;;0.1076;-0.2637;-0.7347;0.1572;-1.1138;-0.4199
1085;0.1260;;-0.0636;-0.2381;-0.5317;-0.0340;-0.8724;-0.5215
1086;0.3844;;0.2788;-0.6358;-0.7640;0.0315;-1.0198;-0.6143
1087;0.5918;;-0.0978;-0.5344;-0.3565;0.1904;-0.8079;-0.7939
1088;0.1623;;-0.1321;-0.4495;-0.5551;0.0306;-1.0414;-0.8102
1089;0.1987;;0.1590;0.1088;-0.6376;-0.1174;-1.2385;-0.5635
1090;0.2923;;0.2103;-0.5063;-0.3528;-0.0360;-1.1556;-0.6961
1091;0.3726;;0.1932;-0.3768;-0.3764;0.2313;-0.8221;-0.6687
1092;0.4973;;0.0734;-0.4203;-0.2405;0.0021;-0.9007;-0.6010
1093;0.0702;;0.1418;-0.5828;-0.1850;-0.1667;-1.1210;-0.5044
1094;0.2000;;-0.0294;-0.7101;-0.4411;-0.3166;-1.0083;-0.3722
1095;0.2248;;-0.1321;-0.3884;-0.1061;0.2137;-0.9416;-0.7930
1096;0.1067;;0.1076;-0.5939;-0.8157;-0.0469;-0.5069;-0.6550
1097;0.3080;;0.0391;-0.3854;-0.7942;-0.1626;-0.7176;-0.6057
1098;0.0695;;-0.2862;-0.6872;-0.0484;-0.0572;-0.9261;-0.3968
1099;-0.3063;;-0.6115;-0.1617;-0.4788;0.2361;-0.8317;-0.3119
1100;-0.0233;;-0.5087;-0.6171;-0.5309;-0.2058;-0.8499;-0.9440
1101;-0.1231;;-0.4916;-0.6532;-0.1480;-0.3867;-0.5398;-0.6372
1102;0.1329;;-0.3033;-0.5309;-0.3660;-0.1990;-1.7145;-0.4927
1103;0.4746;;-0.0465;-0.4943;-0.4743;-0.0783;-0.9271;-0.5166
1104;0.1756;;-0.2348;-0.7203;-0.7760;-0.3432;-1.0718;-0.9020
1105;0.3410;;-0.0978;-0.7409;-0.2828;-0.1395;-1.2868;-0.7468
1106;0.4942;;0.0220;-0.6785;-0.4630;-0.1973;-0.9032;-0.7095
1107;-0.0143;;-0.2519;-0.7118;-0.1137;-0.1515;-1.0326;-0.6948
1108;-0.0048;;-0.6628;-0.6159;-0.2649;-0.2338;-1.0378;-0.7077
1109;-0.4124;;-0.8683;-0.2985;-0.4329;-0.2724;-0.8098;-0.4817
1110;-0.1944;;-0.4574;-0.5839;-0.3569;-0.4176;-1.0198;-0.4495
1111;-0.2739;;-0.7827;-0.0055;-0.4807;-0.2251;-0.9438;-0.3485
1112;0.0311;;-0.5259;-0.3152;-0.7477;-0.2667;-1.3582;-0.4355
1113;0.0470;;-0.3375;-0.6335;-0.6255;0.1456;-1.0062;-0.3327
1114;-0.1204;;-0.3889;-0.5143;-0.6723;-0.2881;-0.9266;-0.2653
1115;-0.1556;;-0.5943;-0.3208;-0.1685;-0.3220;-1.1755;-0.4072
1116;-0.1437;;-0.4574;-0.8033;-0.2083;-0.1173;-1.0699;-0.3490
1117;-0.1925;;-0.4916;-0.2862;-0.6709;-0.1263;-0.8999;-0.2343
1118;-0.0384;;-0.6115;-0.4796;-0.2151;-0.5844;-1.0369;-0.9202
1119;0.3318;;-0.5772;-0.9058;-0.5378;-0.1636;-1.3434;0.0237
1120;-0.0430;;-0.7142;-0.5718;-0.4508;-0.0727;-1.1707;-0.3537
1121;0.0663;;-0.5943;-0.6404;-0.4168;-0.2895;-1.1919;-0.5401
1122;-0.1337;;-0.4231;-0.4873;-0.5919;-0.0364;-0.9410;-0.6177
1123;-0.0128;;-0.0807;-0.7001;-0.3523;-0.1510;-1.1622;-0.7459
1124;-0.0395;;-0.2177;-0.8650;-0.5184;-0.0982;-0.9000;-0.5734
1125;0.1287;;-0.2177;0.0707;-0.6537;-0.0155;-1.0603;-0.8194
1126;-0.1001;;-0.5601;-0.7441;-0.3082;0.1420;-1.2163;-0.4104
1127;-0.1948;;-0.7484;-0.5303;-0.3306;0.0500;-1.1691;-0.3859
1128;0.0461;;-0.4745;-0.5211;-0.5841;-0.1684;-1.4311;-0.2954
1129;0.0341;;-0.2348;-0.6023;-0.4648;-0.2752;-1.1025;-0.4805
1130;0.1386;;-0.5601;-0.7364;-0.3716;-0.0128;-1.0897;-0.4032
1131;0.2171;;-0.1150;-0.2381;-0.5735;-0.0835;-0.8730;-0.7974
1132;0.1351;;-0.3033;-0.3943;-0.3158;0.0053;-1.1892;-0.1891
1133;0.1492;;-0.2006;-0.5226;-0.5917;-0.1532;-1.0115;-0.2176
1134;0.0876;;-0.5259;-0.5983;-0.5197;-0.2466;-1.1704;-0.6229
1135;0.3147;;-0.4926;-0.4786;-0.1530;0.0535;-1.4758;-0.4924
1136;0.0831;;-0.5427;-0.6492;-0.2584;-0.0087;-0.7981;-0.5511
1137;0.0697;;-0.6429;-0.9209;-0.4539;-0.2220;-1.0583;-0.4213
1138;0.1832;;-0.4926;-0.3932;-0.1770;-0.0929;-0.5750;-0.2981
1139;0.0116;;-0.3589;-0.5530;-0.2532;-0.0903;-0.9608;-0.2029
1140;0.0877;;-0.6095;-0.7576;-0.3068;-0.0678;-0.7440;-0.1529
1141;-0.0197;;-0.5093;-0.8597;-0.3715;-0.2423;-0.9480;-0.2896
1142;0.1662;;-0.4592;-0.6456;-0.5678;0.1284;-0.9294;-0.3958
1143;0.1006;;-0.4425;-0.2674;-0.1538;-0.1882;-0.8438;-0.3466
1144;0.0954;;-0.4592;-0.5281;-0.1113;0.1281;-0.5021;-0.2855
1145;0.0945;;-0.5260;-0.0548;0.0152;0.0062;-1.1723;-0.4946
1146;0.1497;;-0.3756;0.0260;-0.5851;-0.0545;-1.1749;-0.4300
1147;0.1560;;-0.3756;-0.7002;-0.5268;-0.1474;-0.9575;-0.6322
1148;0.2094;;-0.2253;-0.2233;-0.2764;-0.1204;-0.6730;-0.0498
1149;0.2346;;-0.3088;-0.5082;-0.3506;-0.1316;-0.9639;-0.6997
1150;0.2231;;-0.4759;-0.1683;-0.5801;-0.1531;-0.7672;-0.3931
1151;0.0792;;-0.4592;-0.4187;-0.5972;-0.3584;-1.1547;-0.7951
1152;0.0754;;-0.5427;-0.2893;-0.3256;-0.1851;-1.1734;-0.4627
1153;0.2405;;-0.2086;-0.2632;0.2149;0.1198;-1.3573;-0.7088
1154;0.0590;;-0.1084;-0.5381;-0.5815;0.0904;-1.4910;-0.5783
1155;0.3166;;0.0754;-0.2966;-0.5970;-0.1227;-1.4766;-0.6324
1156;0.1467;;0.1255;-0.5367;-0.4987;-0.2078;-1.1907;-0.5094
1157;0.0548;;0.1255;-0.5618;-0.2227;0.0047;-1.0761;-0.4565
1158;0.2358;;0.1088;-0.1883;-0.5816;0.0317;-1.2609;0.0761
1159;0.1945;;0.1255;-0.4882;-0.7231;-0.0801;-1.1580;0.2027
1160;0.0330;;0.0419;-0.7886;-0.5023;-0.0523;-1.6346;-0.4441
1161;0.1247;;-0.0750;-0.3514;-0.7691;-0.2712;-1.2279;-0.3567
1162;0.3764;;0.3092;-0.4759;-0.3147;0.0503;-1.0375;-0.4169
1163;0.1672;;0.1422;-0.3845;-0.6094;-0.1255;-1.1463;-0.7764
1164;0.1683;;0.1756;-0.2075;-0.3169;0.1034;-1.2958;-0.3667
1165;0.3337;;0.1589;0.0567;-0.3264;-0.2904;-0.5768;-0.8980
1166;0.1893;;0.2424;-0.5466;-0.6157;-0.3203;-0.7892;-0.4929
1167;0.2289;;0.3593;-0.5455;-0.9150;-0.1359;-0.7095;-0.7782
1168;0.5724;;0.7769;-0.3539;-0.5052;-0.1218;-1.3537;-0.3476
1169;0.1656;;0.1422;-0.4546;-0.5652;0.1565;-1.5744;-0.3488
1170;0.1951;;0.1756;-0.0635;-0.6021;-0.3906;-0.9822;-0.8094
1171;-0.0617;;-0.2253;-0.2847;-0.0863;-0.5377;-1.2125;-1.1313
1172;-0.3086;;-0.1251;-0.5883;-0.8022;-0.3045;-1.1959;-0.9177
1173;0.1694;;-0.2754;-0.3089;-0.9332;0.2367;-1.2585;-0.6956
1174;0.0184;;-0.2086;-0.6723;-0.6680;0.0512;-1.1416;-0.5269
1175;0.4154;;0.2424;-0.3796;-0.5370;0.1940;-1.3973;-0.5444
1176;0.0800;;-0.2086;-0.1464;-0.9898;-0.0492;-1.1582;-0.8551
1177;0.0956;;-0.2587;-0.9435;-2.3429;-0.1528;-2.5604;-0.7134
1178;0.1553;;-0.1919;-0.8700;-1.1386;-0.3332;-2.2634;-0.6858
1179;-0.0561;;-0.5594;-0.7607;-0.6439;-0.3065;-1.6031;-0.1905
1180;-0.2256;;-0.3924;-0.6490;-0.7687;-0.1158;-1.3356;-0.0617
1181;0.0378;;-0.3924;-0.5837;-0.7460;-0.2738;-1.5329;-0.1383
1182;-0.0465;;-0.5260;-0.3802;-0.5869;-0.0965;-1.0968;-0.4186
1183;0.2247;;-0.0750;-0.4661;-0.6872;-0.0361;-1.1967;-0.3804
1184;0.1550;;0.1088;-0.1681;-0.5389;-0.2604;-1.0765;-0.3532
1185;0.4729;;0.1923;-0.1102;-0.1273;-0.2040;-1.1827;-0.3698
1186;-0.0595;;-0.1585;-0.4827;-0.3734;0.0494;-1.0151;-0.5230
1187;0.2220;;0.0252;-0.5795;-0.3775;0.0970;-0.8745;-0.2175
1188;0.1270;;-0.1418;-0.4038;-0.3693;0.0028;-0.5888;-0.8038
1189;-0.0620;;-0.2086;-0.6920;-0.6210;-0.1917;-1.3200;-0.3794
1190;-0.1402;;-0.1418;-0.6391;-0.5653;-0.1292;-1.0455;-0.3690
1191;-0.0233;;-0.2420;-0.4092;-0.5848;-0.1115;-1.2604;-0.1937
1192;-0.0662;;-0.4592;-0.4402;-0.8629;-0.1951;-1.0938;-0.5495
1193;0.0459;;-0.1752;-0.6881;-0.4061;0.0037;-0.8356;-0.6212
1194;-0.1637;;-0.3255;-0.2258;-0.2841;-0.0980;-0.8603;-0.8616
1195;0.1433;;-0.1752;-0.7299;-0.4129;-0.3319;-1.1617;-0.4161
1196;0.1044;;-0.2754;-0.7267;-0.6359;-0.6376;-1.1389;-0.6163
1197;-0.0483;;-0.5761;-0.4844;-0.2914;-0.5819;-0.7119;-0.4329
1198;0.3841;;-0.1251;-0.5482;-0.1696;-0.5543;-1.0818;-0.6952
1199;0.2705;;-0.3422;-0.8386;-0.6123;-0.0937;-0.6600;-0.7495
1200;0.2295;;-0.5360;-0.5455;-0.2284;-0.1733;-0.9860;-0.6756
1201;-0.2487;;-0.4702;-0.8376;-0.5495;-0.0662;-1.1592;-0.5388
1202;0.2441;;-0.2562;-0.5283;-0.0931;0.0551;-0.9626;-0.7208
1203;0.3553;;-0.2891;-0.7384;-0.3538;-0.0199;-1.1113;-0.2958
1204;0.3142;;-0.4208;-0.6832;-0.4404;0.1030;-1.1231;-0.6260
1205;-0.0875;;-0.3549;-0.6052;-0.8467;-0.0749;-1.5840;-0.7358
1206;0.0196;;-0.3385;-0.6922;-0.3830;0.0938;-1.1626;-0.7058
1207;-0.0018;;-0.2562;-0.6335;-0.5437;-0.1673;-1.2356;-0.7914
1208;0.0396;;-0.1574;-0.5225;-0.4120;0.0067;-1.1500;-0.5592
1209;0.0969;;0.0073;-0.5114;-0.7121;-0.2981;-1.2189;-0.5648
1210;0.3108;;0.0073;-0.6492;-0.3268;-0.0846;-0.9026;-0.7677
1211;0.4270;;0.1884;-0.6896;-0.3912;0.0167;-0.9044;-0.6383
1212;0.2671;;-0.1903;-0.2011;-0.6859;-0.1034;-1.2216;-0.4774
1213;0.0572;;-0.1244;-0.6756;-2.0031;-0.0977;-1.3137;-0.3729
1214;0.1419;;-0.3714;-1.3033;-2.5356;0.1640;-1.2753;-0.2868
1215;0.2183;;-0.5854;-0.8254;-1.3918;-0.2341;-1.5123;-0.6638
1216;0.2198;;-0.2891;-0.8086;-0.9367;-0.4188;-1.0380;-0.4283
1217;0.0214;;-0.2726;-1.0183;-0.8291;-0.0429;-1.0550;-0.6727
1218;0.2110;;-0.1080;-0.7284;-0.8954;-0.1769;-0.7473;-0.6010
1219;0.0775;;-0.2232;-0.8259;-0.6431;-0.1172;-0.8808;-0.2701
1220;0.2769;;-0.4043;-0.3684;-0.6668;-0.1555;-1.1779;-0.4223
1221;0.5085;;-0.0421;-0.3496;-0.9610;-0.0883;-1.1064;-0.4212
1222;-0.0323;;-0.3714;-0.7161;-0.5922;-0.4097;-1.5775;-0.3937
1223;0.1023;;-0.5525;-0.3666;-0.6895;-0.2445;-1.0230;-0.4503
1224;0.3021;;-0.1903;-0.4643;-0.7514;-0.0151;-1.0335;-0.1110
1225;-0.0215;;-0.6513;-0.1694;-0.4511;-0.5530;-0.8956;-1.1104
1226;0.2994;;-0.5031;-0.4159;-0.3003;-0.2270;-1.0742;-0.7586
1227;0.3017;;-0.2068;-0.7113;-0.7377;-0.2731;-1.1202;-0.5643
1228;0.0543;;-0.4043;-0.7260;-0.6387;-1.5093;-0.6958;-1.8577
1229;0.1292;;-0.3879;-0.5499;-0.9552;-1.1792;-1.1538;-1.0357
1230;-0.3006;;-0.9641;-0.7369;-0.8332;-1.1714;-1.3081;-1.0577
1231;-0.2146;;-0.7994;-0.5302;-0.4437;-0.6000;-1.1025;-1.0299
1232;0.0034;;-0.7336;-0.6263;-0.3106;-0.2440;-2.1594;-0.8688
1233;-0.0408;;-0.8818;-1.0713;-0.6825;-0.5747;-1.7884;-1.2190
1234;-0.2715;;-1.0464;-0.7271;-0.6489;-0.3555;-0.8475;-1.0937
1235;-0.0724;;-0.9476;-0.4869;-0.4468;-0.4068;-1.0176;-1.0595
1236;-0.1247;;-0.7007;-0.8874;-0.4534;-0.2725;-1.0256;-0.9289
1237;-0.0800;;-0.5031;-0.9260;-0.5161;-0.2717;-1.1523;-0.6996
1238;-0.0712;;-0.7830;-0.6658;-0.3571;-0.0758;-0.8562;-0.4441
1239;-0.0686;;-0.6513;-0.3484;-0.0444;0.0146;-1.1219;-1.0072
1240;0.0440;;-0.6019;-0.7485;-0.6592;-0.0111;-1.1507;-0.9258
1241;0.2182;;-0.5690;-0.7047;-0.4239;0.0614;-1.1614;-0.6591
1242;0.1098;;-0.2891;-0.3905;-0.1864;0.0471;-1.2133;-0.6713
1243;0.1406;;-0.2726;-0.7954;-0.3346;0.0352;-1.3761;-0.9442
1244;-0.1729;;-0.6183;-0.5153;-0.2269;-0.1028;-0.9171;-0.5919
1245;0.1683;;-0.2068;-0.3756;-0.4128;-0.1962;-0.9305;-0.8029
1246;0.1079;;-0.2562;-0.8335;-0.3105;-0.2843;-1.1313;-0.4869
1247;0.1835;;-0.0586;-0.9916;-0.4669;-0.2202;-1.4022;-0.7121
1248;0.0976;;-0.3220;-0.7571;-0.4431;-0.1382;-0.9723;-0.9380
1249;0.1706;;-0.0421;-0.8501;-0.4054;-0.0505;-0.6175;-0.8974
1250;0.1203;;-0.1244;-0.5584;-0.3480;-0.2059;-1.0886;-0.3629
1251;0.3564;;-0.1244;-0.7437;-1.0093;-0.1013;-1.1131;-0.7361
1252;0.1346;;-0.0421;-0.9155;-0.8515;-0.1184;-0.9443;-1.2226
1253;0.1302;;-0.0915;-0.7622;-0.4339;-0.3383;-0.9387;-1.0095
1254;0.0476;;-0.3879;-0.7150;-0.2702;-0.0698;-0.8740;-0.5264
1255;0.1932;;0.1225;-0.7878;-0.7672;-0.0403;-0.9910;-1.0406
1256;-0.1840;;-0.3549;-0.5897;-0.3199;0.0308;-0.6640;-0.4244
1257;0.1757;;0.0896;-0.5843;-0.3128;-0.0253;-0.8837;-0.4142
1258;-0.5709;;-0.7500;-1.2483;-2.8132;-2.6138;-3.1940;-3.6033
1259;-0.2828;;-0.7336;-1.6676;-5.6559;-1.9672;-3.4040;-2.8231
1260;-0.1559;;-0.7561;-1.2559;-3.1431;-0.8089;-1.9656;-1.8201
1261;0.0204;;-0.5738;-0.8202;-1.9008;-0.4495;-1.3395;-1.8155
1262;0.1513;;-0.4743;-0.5235;-1.7303;-0.4478;-1.7752;-1.0804
1263;-0.3651;;-0.7727;-1.0528;-1.4075;-0.0492;-1.6257;-0.8671
1264;0.0349;;-0.5406;-0.6755;-1.0628;-0.2080;-1.4860;-0.6959
1265;-0.0598;;-0.3583;-0.4762;-1.0777;-0.3261;-1.2133;-1.0413
1266;0.2674;;-0.2589;-0.4435;-0.7110;-0.1640;-1.1299;-0.6823
1267;-0.0938;;-0.6401;-0.5811;-0.7168;-0.2264;-1.1213;-0.8143
1268;0.1971;;-0.5572;-0.2798;-0.7134;-0.0650;-1.2755;-0.5531
1269;0.2105;;-0.4246;-0.4574;-0.6738;-0.2162;-1.2003;-0.4638
1270;0.1206;;-0.5406;-0.4316;-0.7645;-0.1234;-1.4217;-0.6208
1271;0.2765;;-0.3252;-0.4543;-0.5995;-0.0383;-1.2780;-0.3140
1272;0.0477;;-0.4080;-0.7470;-0.8376;0.1489;-1.2952;-0.6398
1273;0.0925;;-0.4412;-0.6051;-0.7773;-0.0365;-1.0840;-0.6060
1274;0.0692;;-0.4246;-0.4850;-0.8124;-0.2201;-1.2683;-0.6321
1275;-0.1371;;-0.5572;-0.8787;-0.8652;-0.1730;-1.1633;-0.7529
1276;0.1303;;-0.4412;-0.9472;-0.8998;-0.3717;-1.1652;-0.6279
1277;-0.0023;;-0.5572;-0.5923;-0.9668;-0.3809;-0.9358;-0.7675
1278;-0.1598;;-0.7064;-0.8878;-0.7561;-0.0596;-1.4219;-0.7001
1279;0.3012;;-0.5075;-0.5311;-0.8259;-0.0290;-1.7348;-0.8946
1280;0.0123;;-0.7064;-0.8039;-0.6306;-0.1572;-1.2281;-0.2674
1281;0.0357;;-0.3749;-0.1397;-0.8176;-0.2386;-1.2694;-0.7741
1282;-0.0166;;-0.5904;-0.7092;-0.8826;-0.2515;-1.2452;-0.8497
1283;0.1433;;-0.5075;-0.7935;-0.4163;-0.3754;-1.6926;-0.6399
1284;0.1412;;-0.5075;-0.3916;-1.1528;-0.2074;-1.3315;-0.5406
1285;-0.0591;;-0.7064;-1.0852;-1.8864;-0.3296;-1.3464;-0.8265
1286;-0.0553;;-0.8390;-0.3339;-1.3212;-1.6394;-1.7628;-1.4672
1287;-0.0985;;-0.5406;-1.0516;-0.6928;-1.2040;-2.4183;-1.6551
1288;-0.1857;;-1.0213;-0.9038;-0.9039;-0.8789;-1.6929;-1.4379
1289;0.1253;;-0.7727;-0.8578;-0.4492;-0.6482;-1.2792;-0.9674
1290;-0.2179;;-1.0876;-0.8428;-0.9455;-0.7645;-1.7092;-1.0374
1291;-0.0386;;-0.8390;-1.0704;-0.7397;-0.3372;-1.4465;-0.6824
1292;-0.1839;;-0.9716;-0.7159;-0.8134;-0.2711;-1.4402;-0.6856
1293;-0.2162;;-0.8721;-0.5407;-0.3924;-0.1633;-1.4595;-0.4512
1294;-0.2154;;-1.0876;-0.5871;-0.1803;-0.2969;-1.3559;-0.6182
1295;0.0596;;-0.7395;-0.6664;-0.5104;-0.1444;-1.1718;-0.9479
1296;0.0930;;-0.8224;-0.4300;-0.5734;-0.2551;-1.3278;-0.5438
1297;-0.0153;;-0.7893;-0.5295;-0.5605;-0.5195;-1.2594;-0.7307
1298;-0.1752;;-0.7727;-0.3303;-0.9488;-0.1439;-1.3854;-0.7553
1299;0.0674;;-0.6401;-0.2945;-1.1275;-0.2733;-1.3637;-0.4463
1300;0.0415;;-0.5738;-0.3474;-0.8914;-0.1720;-1.2298;-0.4019
1301;0.0583;;-0.4246;-0.6313;-0.7702;-0.2814;-1.5661;-0.6341
1302;0.0103;;-0.7230;-0.7961;-0.5734;-0.3144;-1.0925;-0.7302
1303;0.2163;;-0.5572;-0.6675;-0.9014;-0.3436;-1.0182;-0.7098
1304;0.2706;;-0.4412;-0.5876;-0.8343;-0.1808;-1.1172;-0.2611
1305;0.0614;;-0.4412;-0.1693;-0.6834;-0.0996;-1.0933;-0.6228
1306;0.2676;;-0.1097;-0.6492;-0.7841;-0.2256;-0.9802;-0.7240
1307;0.2001;;-0.2257;-0.6478;-0.5521;0.0014;-0.3843;-0.5306
1308;0.3109;;-0.2423;-0.3006;-0.7785;-0.5275;-0.9814;-0.4165
1309;0.1809;;-0.2423;-0.6874;-0.6804;-0.1333;-1.7096;-0.5551
1310;0.3002;;-0.3086;-0.6887;-0.6438;-0.2459;-1.0877;-0.5647
1311;0.1066;;-0.2920;-0.8594;-0.4643;-0.0334;-0.5158;-0.6886
1312;0.0767;;-0.1594;-1.0286;-0.4143;-0.6571;-1.0823;-0.9331
1313;0.2017;;-0.1097;-0.6558;-0.4947;-0.4495;-1.0826;-0.5475
1314;-0.0241;;-0.2257;-0.4928;-0.6232;-0.4195;-1.0665;-0.6269
1315;0.4041;;-0.0600;-0.6484;-0.7819;-0.4521;-0.9838;-0.6595
1316;0.1570;;-0.0765;-0.5273;-0.6071;-0.1991;-1.0062;-0.2904
1317;0.1464;;-0.0765;-0.7778;-0.8037;-0.1944;-0.8841;-0.8831
1318;0.2805;;0.0561;-0.3664;-0.2904;-0.1563;-1.1371;-0.7958
1319;0.0083;;-0.2091;-0.8122;-0.6645;-0.1190;-1.2002;-0.6602
1320;0.2619;;0.0892;-0.7290;-0.5410;-0.0616;-1.1958;-0.7618
1321;0.0750;;-0.1926;-0.7106;-0.4190;-0.1981;-1.0543;-0.7333
1322;-0.0716;;-0.3252;-0.5111;-0.3667;-0.3004;-0.7478;-0.6874
1323;0.0641;;-0.4080;-0.6420;-0.8085;0.0160;-0.7327;-0.8898
1324;0.1578;;-0.1428;-0.8435;-0.6679;-0.1949;-1.1292;-0.8357
1325;0.3899;;-0.0765;-0.6795;-0.5532;0.0202;-1.1221;-0.4939
1326;-0.0687;;-0.2754;-0.6131;-0.6554;0.0552;-1.0150;-0.6774
1327;0.2185;;-0.0600;-0.8599;-0.6210;-0.0007;-1.2595;-0.8481
1328;-0.1306;;-0.5513;-0.7660;-0.8595;-0.1869;-0.8890;-0.9369
1329;0.1249;;-0.4524;-1.0917;-1.1546;0.0241;-0.9981;-0.5831
1330;-0.2117;;-0.6995;-0.7756;-1.0020;-0.2537;-1.0195;-1.0830
1331;0.1840;;-0.2548;-0.6397;-0.4698;-0.8752;-0.8214;-0.9375
1332;0.2168;;-0.4030;-0.0485;-1.1266;-0.4422;-1.1637;-0.6084
1333;0.2874;;-0.4524;-0.8065;-0.7188;-0.3236;-1.0340;-0.3945
1334;0.2583;;-0.1394;-0.0785;-0.7153;-0.2787;-1.0403;-0.4346
1335;-0.1253;;-0.5348;-0.1568;-0.6511;-0.3494;-1.2168;-0.5517
1336;0.0226;;-0.3371;-0.7601;-0.2359;-0.3294;-0.8881;0.0011
1337;0.2911;;-0.0571;-0.3595;-0.7521;-0.2660;-1.2788;-0.5992
1338;-0.1561;;-0.5019;-0.5106;-0.7100;-0.2062;-0.9535;-0.7642
1339;-0.0438;;-0.4195;-0.4174;-0.6000;-0.0969;-1.1004;-0.6608
1340;0.1040;;-0.5348;-0.6202;-0.2871;-0.0241;-0.9157;-1.0812
1341;0.1828;;-0.5019;-0.6048;-0.5043;-0.0180;-1.2250;-0.6791
1342;-0.1583;;-0.6898;-0.6027;-0.6942;-0.3895;-1.3470;-0.9764
1343;0.0464;;-0.6573;-0.7521;-0.6847;-0.3253;-1.1314;-0.7052
1344;-0.0283;;-0.5921;-0.8256;-1.0564;0.0828;-1.2109;-0.5672
1345;-0.2784;;-0.7387;-1.0998;-0.7283;-0.6983;-1.1268;-0.9442
1346;-0.3595;;-0.8528;-0.5228;-0.5918;-0.4107;-1.1871;-1.0168
1347;-0.1128;;-0.7387;-0.5503;-0.9195;-0.6880;-0.7724;-0.7059
1348;0.1193;;-0.9017;-0.5184;-0.5834;-0.2579;-1.2541;-0.8844
1349;0.1104;;-0.6247;-0.7373;-0.7342;-0.2419;-1.3505;-0.6730
1350;-0.2060;;-0.6898;-0.6004;-0.4624;-0.0712;-1.4166;-0.6021
1351;0.3743;;-0.3151;-0.6959;-0.4263;-0.2674;-1.2447;-1.0763
1352;-0.1880;;-0.4617;-0.6569;-0.7564;-0.0201;-1.3046;-0.7744
1353;0.0827;;-0.4943;-0.4594;-0.5766;-0.5160;-1.4023;-0.5903
1354;0.2120;;-0.0706;-0.4495;-0.4723;-0.2375;-0.9858;-0.7272
1355;0.2310;;-0.3802;-0.4231;-0.6430;-0.0457;-0.9960;-0.4291
1356;-0.1413;;-0.5758;-0.9081;-0.8317;0.0005;-1.0934;-0.4585
1357;0.0526;;-0.5758;-0.6659;-0.5774;-0.0936;-1.0491;-0.8388
1358;0.1422;;-0.4291;-0.7889;-0.4824;-0.5697;-0.9392;-0.8866
1359;-0.1144;;-0.3802;-0.7585;-0.6156;-0.3263;-1.2443;-0.9609
1360;0.1856;;-0.3965;-0.7073;-0.4885;-0.1533;-0.8418;-0.6787
1361;0.2233;;-0.3313;-0.7714;-0.7706;-0.6132;-1.2972;-0.3078
1362;0.3641;;-0.0706;-1.0801;-0.8313;-0.0731;-1.1936;-0.2660
1363;-0.0763;;-0.4617;-1.0318;-0.9280;-0.5429;-0.9557;-0.6488
1364;0.2639;;-0.0706;-0.8331;-0.3996;-0.3812;-0.8065;-0.6720
1365;0.2587;;-0.2173;-0.6423;-0.9503;-0.4500;-1.3133;-0.2643
1366;-0.0174;;-0.3151;-0.1836;-0.9853;-0.3516;-0.7098;-0.4648
1367;-0.0525;;-0.3313;-0.6895;-0.6110;-0.4007;-1.0348;-0.1567
1368;0.0865;;-0.2499;-0.8285;-0.7336;-0.4210;-0.8116;-0.1192
1369;0.2496;;-0.3476;-0.3246;-0.9207;-0.5329;-1.3890;-0.5050
1370;-0.0539;;-0.6247;-0.4166;-0.9876;-0.1816;-0.9571;-0.4375
1371;-0.1172;;-0.2336;-0.5448;-1.2762;-0.2832;-1.2374;-0.4387
1372;-0.0442;;-0.4943;-0.6473;-0.6854;-0.7256;-1.3360;-0.3733
1373;0.0626;;-0.6905;-0.4798;-0.4601;-0.4681;-1.0764;0.0622
1374;0.2597;;-0.0603;-0.3416;-1.0566;-0.2759;-1.0391;-0.7014
1375;0.2635;;-0.4699;-0.5563;-0.9597;-0.2360;-0.9297;-0.6098
1376;0.2325;;-0.3754;-0.7530;-0.6732;-0.6792;-0.9465;-0.2767
1377;-0.0786;;-0.2966;-0.2477;-0.8053;-0.4133;-1.2296;-0.7623
1378;-0.0212;;-0.4384;-0.5151;-0.6211;-0.2160;-0.7715;-0.4431
1379;0.1353;;-0.4069;-1.0039;-0.7790;-0.3298;-0.9337;-0.3052
1380;-0.0305;;-0.4542;-0.4853;-0.4697;-0.4727;-1.0006;-0.6193
1381;0.0678;;-0.3124;-0.7088;-0.9057;-0.2741;-1.2967;-0.4715
1382;0.0681;;-0.2651;-0.6933;-0.4955;-0.5928;-0.8220;-0.7025
1383;0.0535;;-0.3754;-0.6067;-0.8780;-0.2143;-0.8871;-0.4891
1384;0.2107;;-0.4227;-0.9425;-0.5966;-0.2425;-1.0659;-0.1836
1385;0.2929;;-0.3596;-0.7941;-0.9820;-0.6684;-0.9952;-0.6869
1386;0.2346;;-0.4857;-0.8427;-1.0452;-0.4084;-1.1313;-0.4223
1387;0.0971;;-0.3596;-0.5793;-0.8207;-0.2498;-1.0346;-0.2010
1388;-0.0439;;-0.4384;-0.9946;-0.3115;-0.1891;-1.4208;-0.4787
1389;-0.0237;;-0.6432;-0.3672;-0.4078;-0.3705;-1.1905;-0.8105
1390;0.0406;;-0.3439;-0.6696;-0.6621;-0.3290;-0.9676;-0.5150
1391;-0.1302;;-0.3911;-0.1928;-0.6915;-0.3731;-1.0503;-0.3032
1392;-0.0824;;-0.4227;-0.1500;-0.7113;-0.4682;-1.0024;-0.7337
1393;0.0353;;-0.2966;-0.6173;-0.6583;-0.3487;-1.1689;-0.0261
1394;-0.0051;;-0.4384;-0.2496;-0.6331;-0.3239;-1.0274;-0.8353
1395;0.0921;;-0.2966;-0.4145;-0.7762;-0.1040;-0.8883;-0.5846
1396;0.0609;;-0.2927;-0.8003;-0.6667;-0.1806;-1.4272;-0.0095
1397;0.1922;;-0.2150;-1.0252;-0.7771;-0.2309;-1.0597;-0.7507
1398;0.2927;;-0.2150;-0.6447;-1.1606;-0.0052;-1.0331;0.0456
1399;0.0997;;-0.4015;-0.6443;-0.5060;-0.4974;-0.8420;-0.5184
1400;0.5591;;-0.1528;-0.4694;-0.9607;0.0052;-0.9044;-0.5244
1401;0.3848;;-0.3393;-0.7326;-0.9543;-0.0438;-1.5534;-0.4804
1402;0.1893;;-0.0907;-0.5177;-0.9299;-0.3275;-1.2092;-0.6802
1403;0.2307;;-0.1995;-0.9353;-0.6777;-0.2747;-1.3186;-0.4666
1404;0.1948;;-0.2927;-0.6207;-0.9782;-0.3230;-1.3562;-0.5504
1405;0.0984;;-0.3704;-0.5704;-0.9802;-0.2800;-1.0532;-0.5495
1406;0.4575;;-0.0285;-0.4563;-0.7449;-0.2031;-1.0649;-0.8705
1407;0.1566;;-0.3083;-0.5002;-0.6286;-0.0064;-1.0359;-0.8836
1408;0.3921;;0.0026;-0.7063;-1.1834;-0.3725;-1.0592;-0.9525
1409;0.2240;;-0.0907;-0.9391;-0.7543;-0.4842;-1.3639;-0.8541
1410;0.0590;;-0.4948;-0.7823;-0.8391;-0.4909;-1.2732;-0.9217
1411;0.2719;;-0.1218;-0.4795;-0.6199;-0.5814;-1.0423;-0.9861
1412;0.1878;;-0.3860;-0.7417;-0.2023;-0.2269;-1.2243;-1.0348
1413;0.3211;;-0.2927;-0.8861;-0.7032;-0.3502;-1.0128;-0.5938
1414;-0.1537;;-0.6502;-0.5538;-1.0175;-0.2919;-1.2655;-0.7684
1415;0.1161;;-0.2927;-0.4839;-0.7478;-0.2608;-0.9385;-0.9865
1416;-0.0243;;-0.3704;-0.5125;-0.7376;-0.3576;-1.0383;-0.7139
1417;0.0380;;-0.6036;-0.4406;-0.7671;-0.4351;-1.4409;-0.4244
1418;0.3966;;-0.4326;-0.7203;-0.9239;-0.4745;-1.2231;-0.9376
1419;-0.0739;;-0.6657;-0.6367;-0.7208;-0.0872;-1.1779;-0.5307
1420;0.1633;;-0.4326;-0.4523;-1.1750;-0.2541;-1.1083;-0.4224
1421;0.1815;;-0.2616;-1.0068;-0.7874;-0.1369;-1.4409;-0.6403
1422;0.1261;;-0.5258;-1.1878;-0.5700;-0.4662;-1.0425;-1.0421
1423;-0.1151;;-0.5569;-0.7454;-0.9276;-0.2626;-1.0381;-0.5787
1424;0.2228;;-0.1528;-0.6107;-0.7761;-0.3152;-1.2025;-0.6729
1425;0.3688;;0.1735;-0.5024;-0.8108;-0.2201;-1.3104;-0.9799
1426;-0.1798;;-0.1218;-0.7156;-0.4582;-0.3031;-0.9952;-0.8498
1427;0.2347;;0.2046;-0.7341;-0.9550;-0.2166;-1.0313;-0.8605
1428;0.1980;;0.1425;-0.6587;-1.0492;-0.2925;-1.3162;-0.3792
1429;0.1131;;-0.1839;-0.5323;-0.4755;-0.3344;-1.0633;-0.4505
1430;0.2920;;0.1891;-0.6907;-1.0505;-0.4007;-0.9576;-0.4054
1431;0.3673;;0.3911;-0.7793;-0.8452;-0.3175;-1.0004;-0.2373
1432;0.4843;;0.4222;-0.4891;-0.5294;-0.3700;-1.2189;-0.6015
1433;0.1363;;-0.0130;-1.0263;-0.8366;-0.2715;-1.1136;-0.1099
1434;0.5567;;0.2357;-0.5866;-0.9031;-0.2147;-1.1408;-0.7914
1435;0.1098;;-0.1528;-0.6102;-0.5613;-0.1262;-0.9110;-0.7184
1436;0.1964;;-0.0130;-0.8542;-0.5368;-0.1247;-1.1682;-0.7309
1437;0.3112;;0.0026;-0.6825;-0.8192;-0.1218;-1.0151;-0.6815
1438;-0.0584;;-0.2305;-0.4025;-0.6147;-0.0013;-1.2882;-0.6761
1439;0.2425;;-0.0130;-0.9087;-0.4926;-0.2738;-1.2728;-0.3944
1440;-0.1241;;-0.3393;-0.4333;-0.6994;-0.4452;-1.1213;-0.2947
1441;0.1926;;-0.4326;-0.5988;-0.4198;-0.3092;-0.8825;-0.6315
1442;0.1493;;-0.3393;-0.8183;-0.8245;-1.0566;-1.2525;-1.1094
1443;0.2520;;0.0647;-0.9754;-0.8431;-0.6321;-1.2569;-1.0453
1444;0.0045;;-0.4637;-0.5311;-0.6001;-0.4285;-1.4615;-0.7198
1445;0.1734;;-0.1839;-0.5183;-0.9788;-0.5615;-1.1114;-0.9074
1446;-0.0024;;-0.3238;-0.7956;-0.9666;-0.4201;-1.0385;-0.5110
1447;0.1476;;-0.1218;-0.2742;-0.8267;-0.2766;-1.0665;-0.5564
1448;-0.1034;;-0.3860;-0.7654;-0.7263;-0.2140;-0.9184;-0.3289
1449;-0.2292;;-0.4481;-0.3680;-0.8223;-0.5578;-1.0289;-0.6735
1450;-0.0128;;-0.5258;-0.8599;-1.0370;-0.4341;-1.1202;-0.9113
1451;-0.0007;;-0.6036;-0.2287;-0.8950;-0.5678;-1.3514;-1.1587
1452;0.0902;;-0.4171;-0.6642;-1.4288;-0.2212;-1.7838;-0.7755
1453;-0.7786;;-1.3806;-0.7344;-2.8268;0.0178;-2.3839;-0.6443
1454;-0.1183;;-0.9299;-0.8720;-2.2498;-0.5284;-1.5425;-1.0071
1455;-0.3022;;-0.9921;-0.8315;-1.6274;-0.5018;-1.4644;-1.1274
1456;-0.1311;;-0.8522;-0.7594;-1.3587;-0.5709;-1.5452;-0.5861
1457;-0.2845;;-1.1786;-0.1710;-1.0571;-0.8397;-1.4820;-0.5917
1458;0.0120;;-0.8833;-0.7974;-1.2419;-0.6664;-1.3807;-0.6312
1459;-0.2458;;-1.1164;-1.0116;-1.3431;-0.5539;-1.5770;-1.1657
1460;-0.0222;;-0.7123;-0.9272;-1.8247;-1.0369;-1.8816;-2.0034
1461;0.0745;;-0.8211;-0.5098;-1.4451;-0.9527;-1.2554;-0.9775
1462;-0.0497;;-0.9144;-0.2926;-0.8889;-0.3668;-1.3136;-0.8501
1463;-0.3126;;-1.1009;-0.9958;-0.8362;-0.5963;-1.2586;-0.4965
1464;0.2242;;-0.8056;-0.3129;-0.7397;-0.8536;-1.5077;-1.0587
1465;0.0153;;-0.8988;-0.5437;-1.0331;-0.4025;-1.5185;-1.0033
1466;-0.3597;;-1.2719;-0.8521;-1.1153;-0.2806;-1.2536;-0.9335
1467;0.1509;;-0.9921;-0.6851;-1.0643;-0.5210;-1.0917;-0.4849
1468;0.0629;;-0.9921;-0.6166;-1.0679;-0.5415;-0.8121;-0.8893
1469;0.0914;;-1.0076;-0.2875;-0.8733;-0.5041;-1.2447;-0.4042
1470;-0.0372;;-1.0076;-0.1847;-0.6027;-0.2773;-0.9626;-0.7031
1471;0.2474;;-0.8367;-0.2823;-0.1163;-0.4800;-1.1436;-0.7413
1472;0.1317;;-0.8211;-0.6105;-0.5009;-0.4647;-1.2769;-0.6170
1473;0.4233;;-0.5725;-0.3887;-0.7346;-0.3026;-1.0582;-0.3837
1474;-0.1426;;-0.6968;-0.3439;-0.8954;-0.2914;-0.9661;-0.3812
1475;0.0450;;-0.3704;-0.5644;-0.8726;-0.3821;-1.0629;-0.2999
1476;-0.0795;;-0.4637;-0.6762;-1.2031;-0.2743;-0.8519;-0.9422
1477;0.0065;;-0.8988;-0.9645;-1.5213;-0.1399;-1.2220;-0.4610
1478;0.3565;;-0.4792;-0.4362;-1.1407;-0.3327;-1.1444;-0.5206
1479;0.4402;;-0.3083;-0.7826;-0.8087;-0.0894;-0.7957;-0.8093
1480;-0.0007;;-0.7901;-1.1568;-1.0635;-0.1543;-1.2757;-0.6724
1481;-0.3181;;-0.6968;-0.3402;-1.1749;-0.2783;-1.1626;-0.9899
1482;0.2314;;-0.3393;-0.9634;-0.6246;-0.3056;-1.0923;-0.6102
1483;-0.1417;;-0.5569;-0.7253;-0.9129;-0.5487;-1.3567;-0.3190
1484;0.1840;;-0.3549;-0.7035;-0.4391;-0.2940;-1.0358;-0.2062
1485;0.1288;;-0.2150;-0.7655;-0.5999;-0.3875;-0.7748;-0.5144
1486;0.2574;;-0.4171;-0.7467;-0.5747;-0.0693;-1.0162;-0.2558
1487;-0.0816;;-0.4637;-0.8797;-1.1736;-0.1009;-1.0189;-0.5647
1488;0.1457;;-0.4481;-0.5622;-0.7857;-0.4268;-1.3392;-0.1004
1489;0.1414;;-0.2150;-0.5334;-0.5944;-0.4051;-1.4127;-0.4785
1490;0.2166;;-0.2305;-0.7379;-0.8390;-0.2809;-1.1367;-0.8915
1491;0.0046;;-0.6502;-0.5899;-0.5966;-0.3461;-1.2745;-0.7104
1492;0.0259;;-0.6989;-1.0403;-0.7779;-0.1573;-1.2805;-0.5938
1493;0.1819;;-0.3936;-0.8211;-0.4102;-0.3510;-1.1724;-0.4969
1494;0.2004;;-0.4242;-1.0166;-0.4009;-0.5373;-0.9678;-0.6815
1495;-0.0416;;-0.7753;-1.0290;-0.6570;-0.1503;-0.9681;-0.5586
1496;0.0728;;-0.5616;-0.5010;-0.6429;-0.1830;-1.3653;-0.7192
1497;0.0360;;-0.5158;-0.9129;-0.6451;-0.3424;-0.9978;-0.4078
1498;-0.0254;;-0.5463;-0.4341;-0.6054;-0.4757;-1.5140;-0.6543
1499;0.4315;;0.2170;-0.9068;-0.8205;-0.3336;-1.2143;-0.6553
1500;-0.0011;;-0.3020;-0.7237;-0.4800;-0.3233;-1.2366;-0.5468
1501;0.2083;;-0.3326;-0.5763;-0.6814;-0.4033;-0.7848;-0.4398
1502;0.0881;;-0.1494;-0.7620;-0.5974;-0.4829;-0.8763;-0.7380
1503;0.0382;;-0.4089;-0.5432;-0.5356;-0.5170;-1.0048;-0.5158
1504;0.2265;;-0.1189;-0.6724;-0.4253;-0.4781;-0.4449;-0.3297
1505;0.0131;;-0.3173;-0.9619;-0.5897;-0.5801;-0.9175;-0.6794
1506;0.1450;;-0.2868;-0.7019;-0.3420;-0.5287;-0.9152;-0.4823
1507;0.0893;;-0.3631;-0.4599;-0.1023;-0.2910;-1.0671;-0.5651
1508;0.0038;;-0.4700;-0.6182;-0.3760;-0.5217;-1.1215;-0.6937
1509;-0.0183;;-0.6073;-0.6511;-0.6303;-0.5064;-1.3034;-0.8346
1510;0.3648;;-0.0905;-0.5916;-0.5075;-0.2952;-1.4545;-0.3580
1511;0.1749;;-0.2963;-0.3040;-0.7054;-0.0669;-1.0299;-0.7629
1512;0.1781;;-0.4287;-0.4582;-0.7083;-0.0840;-1.1323;-0.4790
1513;0.1929;;-0.4581;-0.7023;-0.8319;-0.1409;-1.0362;-0.1837
1514;0.0275;;-0.5904;-0.7785;-1.0487;-0.2946;-1.0108;-0.4602
1515;0.1466;;-0.5904;-0.6392;-0.1993;-0.3853;-0.8254;-0.1254
1516;-0.2585;;-0.7521;-0.8001;-0.1654;-0.3085;-1.3854;-0.6745
1517;0.2153;;-0.2669;-0.4176;-0.7088;-0.3637;-1.3276;-0.8470
1518;0.1539;;-0.4728;-0.9748;-0.9210;-0.2239;-1.0421;-0.7984
1519;0.4841;;-0.3405;-0.7329;-0.4337;-0.2612;-1.2225;-0.4196
1520;0.1162;;-0.4434;-0.6834;-0.7790;-0.5045;-0.9990;-0.3254
1521;0.3788;;-0.1485;-0.6007;-0.5983;-0.4971;-1.1907;-0.6384
1522;-0.0297;;-0.4749;-1.0507;-1.0135;-0.5256;-1.3679;-0.2294
1523;-0.1256;;-0.5342;-0.7790;-0.9155;-0.6271;-1.2394;-0.4081
1524;-0.0783;;-0.5935;-0.8789;-1.0095;-0.2039;-1.2478;-0.4055
1525;0.1421;;-0.2820;-0.8580;-0.6757;-0.3273;-0.9827;-0.2985
1526;0.1257;;-0.5787;-0.9558;-0.9290;-0.7340;-1.3722;-0.8273
1527;-0.0052;;-0.1633;-0.7584;-0.8506;-0.5583;-0.9764;-0.6540
1528;0.1627;;-0.3117;-0.5361;-0.7321;-0.5827;-1.1768;-0.3989
1529;0.2710;;0.0443;-0.8511;-0.6196;-0.1926;-1.2165;-0.7363
1530;0.3434;;-0.0743;-0.9239;-0.8829;-0.3604;-1.0513;-0.2583
1531;-0.0579;;-0.1930;-0.6675;-0.9552;-0.1976;-1.1470;-0.5005
1532;-0.0371;;-0.3265;-0.4454;-0.7577;-0.2192;-0.7642;0.0019
1533;-0.0034;;-0.1485;-0.5780;-0.9850;-0.1367;-0.9278;-0.2515
1534;0.2213;;-0.2820;-0.7237;-0.5602;-0.2626;-1.1228;-0.1828
1535;-0.0604;;-0.2968;-0.6852;-0.6387;0.0350;-0.7599;-0.2860
1536;0.3534;;-0.0298;-0.9231;-0.5435;-0.4707;-0.9166;-0.2596
1537;0.1345;;-0.2820;-0.6595;-0.3197;-0.4459;-0.9875;-0.5896
1538;-0.0145;;-0.5342;-0.6503;-0.6112;-0.4076;-1.2108;-0.5418
1539;0.2453;;-0.1633;-0.7170;-0.5575;-0.1868;-1.0588;-0.6445
1540;0.1880;;-0.0150;-0.6102;-0.6505;-0.3911;-0.8526;-0.8692
1541;0.1325;;-0.2078;-0.5562;-0.7819;-0.4565;-0.8640;-0.6702
1542;-0.3241;;-0.7864;-0.7050;-0.5384;-0.6182;-1.1007;-0.7707
1543;-0.0040;;-0.2078;-0.9021;-0.4211;-0.4502;-0.9153;-0.7588
1544;0.1108;;-0.4155;-0.6363;-1.0669;-0.6189;-1.0899;-0.6929
1545;0.2315;;-0.1782;-0.5819;-0.5269;-0.2091;-0.7886;-0.1620
1546;0.0950;;-0.4007;-0.5271;-0.4950;-0.2777;-1.0490;-1.0217
1547;0.2962;;-0.1930;-0.6619;-0.5394;-0.1919;-0.9543;-0.6307
1548;-0.0213;;-0.3413;-0.6372;-0.6355;-0.3344;-1.0988;-0.3765
1549;-0.0551;;-0.5787;-0.4307;-0.2921;-0.3382;-1.0149;-0.6334
1550;0.1891;;-0.3117;-0.3291;-0.4831;-0.2063;-1.3080;-0.5876
1551;0.3196;;-0.0421;-0.5363;-0.3130;-0.2572;-1.3065;-0.6812
1552;0.2902;;-0.2066;-0.8407;-0.8549;-0.1131;-1.2643;-0.6971
1553;0.1140;;-0.5057;-0.3136;-0.9355;-0.3729;-1.0559;-0.6696
1554;0.0624;;-0.5356;-0.6276;-0.7960;-0.8253;-1.1157;-1.0877
1555;0.1791;;-0.3711;-0.4711;-0.9023;-0.1973;-1.1820;-0.9602
1556;0.2496;;-0.5356;-0.5382;-0.8412;-0.2242;-1.2444;-0.7646
1557;0.1340;;-0.4010;-0.9070;-0.7050;-0.2270;-1.1503;-0.4926
1558;0.3449;;-0.0870;-1.1034;-0.4363;-0.1379;-1.5974;-0.8996
1559;0.1913;;-0.2664;-0.4760;-0.6298;0.0052;-1.0877;-0.8699
1560;0.1782;;-0.0570;-0.5075;-0.4981;-0.4233;-1.4277;-0.6805
1561;0.1976;;0.0626;-0.3189;-0.8545;-0.6076;-1.1934;-1.1719
1562;0.2781;;-0.1468;-0.5993;-0.3654;-0.4672;-1.4556;-0.7393
1563;0.2348;;-0.5655;-0.6019;-0.5845;-0.4051;-1.0493;-0.6611
1564;0.3464;;-0.1767;-0.4612;-0.6943;-0.1382;-1.0014;-0.6189
1565;0.5056;;-0.1767;-0.8181;-0.6057;-0.3383;-1.2076;-0.7601
1566;0.3774;;-0.3561;-0.4408;-0.3315;-0.2551;-1.1746;-0.5058
1567;0.3981;;-0.4608;-0.5720;-0.4378;-0.2909;-1.0038;-0.2221
1568;-0.1177;;-0.5655;-0.5386;-0.6067;-0.4407;-1.1723;-0.5531
1569;-0.1988;;-0.7599;-0.7190;-0.5177;-0.2205;-0.9448;-0.6242
1570;0.1935;;-0.2515;-0.6344;-0.5628;-0.5558;-0.7742;-0.7188
1571;0.0425;;-0.6104;-0.4112;-0.8164;-0.2256;-1.0758;-0.2557
1572;-0.0001;;-0.6851;-0.2650;-0.7654;-0.1492;-0.5947;-0.3787
1573;-0.2410;;-0.6253;-0.4500;-0.9248;-0.3667;-0.7965;-0.6919
1574;0.0658;;-0.2515;-0.4282;-0.6974;-0.2063;-0.7697;-0.4166
1575;0.3163;;-0.0421;-0.3862;-0.9434;-0.2485;-0.9867;-0.6679
1576;-0.0407;;-0.5057;-0.4551;-1.0003;-0.2904;-0.8499;-0.7075
1577;0.0517;;-0.5356;-0.8016;-0.7355;-0.2519;-1.0326;-0.4798
1578;0.0677;;-0.6702;-0.5109;-1.1678;-0.4856;-0.6874;-0.6535
1579;-0.0278;;-0.5655;-0.1909;-1.0919;-0.1230;-0.6627;-0.6878
1580;-0.1269;;-0.6253;-0.4175;-0.5601;-0.4645;-0.9268;-0.4814
1581;-0.1283;;-0.5505;-0.1468;-0.5753;-0.3313;-0.5678;-0.0478
1582;0.1233;;-0.4758;-0.3072;-1.2268;-0.1560;-0.9858;-0.7769
1583;0.3774;;-0.2066;-0.1653;-0.9441;-0.3153;-1.1488;-0.6514
1584;0.3264;;-0.2515;-0.7044;-1.0247;-0.1625;-0.5903;-1.0181
1585;-0.3256;;-0.7150;-0.4558;-1.6310;-1.1247;-0.8393;-1.6524
1586;0.1263;;-0.2066;-0.5757;-1.0639;-0.3978;-0.9916;-0.9373
1587;-0.1231;;-0.7749;-0.4513;-0.8057;-0.4194;-1.0841;-0.9379
1588;0.0682;;-0.5356;-0.2074;-0.9608;-0.3283;-1.4835;-0.4881
1589;-0.1494;;-0.8197;-0.8374;-0.9413;-0.1959;-1.5909;-0.6899
1590;0.0718;;-0.7749;-0.6688;-0.6625;-0.1931;-1.3913;-0.8815
1591;0.1485;;-0.5805;-0.5950;-0.6848;-0.3273;-1.1387;-0.6011
1592;-0.1164;;-0.6403;-0.4721;-0.7340;-0.1566;-1.1215;-0.3887
1593;-0.3627;;-1.0588;-0.9197;-0.5832;-0.2508;-1.1326;-0.8451
1594;-0.0989;;-0.4401;-0.6632;-0.7841;-0.2377;-0.8509;-0.9059
1595;0.1556;;-0.6665;-0.4690;-0.5931;-0.4677;-1.1281;-0.7811
1596;0.0781;;-0.6816;-0.8317;-0.4792;-0.5080;-1.2420;-0.8217
1597;-0.0702;;-0.7872;-0.8558;-0.9454;-0.6288;-1.0572;-0.5451
1598;0.2471;;-0.4099;-0.4171;-0.6233;-0.3695;-0.9708;-0.7096
1599;0.2966;;-0.3194;-0.6408;-0.9084;-0.1428;-1.0980;-0.3376
1600;-0.0407;;-0.7094;-1.4489;-2.9530;-1.4977;-1.2376;-2.0671
1601;-0.7092;;-1.5026;-1.3762;-2.2688;-1.6745;-2.0218;-2.2086
1602;0.0876;;-0.8563;-0.9850;-1.3209;-1.0754;-1.5937;-1.6336
1603;-0.1452;;-0.8416;-0.7756;-1.1079;-1.0403;-1.5889;-1.2034
1604;-0.0144;;-0.9297;-0.3157;-0.9382;-0.7001;-1.2910;-0.9217
1605;-0.1331;;-1.0326;-0.8291;-0.9486;-0.6033;-1.2480;-0.6958
1606;-0.0362;;-1.0473;-1.0221;-1.0272;-0.3033;-1.0743;-1.1265
1607;0.1987;;-0.5185;-0.9320;-0.6363;-0.6176;-1.2815;-0.9729
1608;-0.0455;;-0.7241;-0.6812;-0.8229;-0.2823;-1.3300;-0.7351
1609;-0.2440;;-0.7829;-0.5957;-0.6053;-0.0336;-1.2913;-0.6626
1610;0.3662;;-0.2541;-0.7111;-0.8896;0.0274;-1.1168;-0.5625
1611;0.1230;;-0.5332;-0.5830;-1.0074;-0.3177;-1.1874;-0.6616
1612;0.2730;;-0.1513;-0.6845;-0.6823;-0.2134;-1.0979;-0.6922
1613;0.1806;;-0.2981;-0.8446;-0.5879;-0.3622;-1.5427;-0.7117
1614;-0.1061;;-0.3569;-0.2807;-1.0352;-0.1532;-1.1709;-0.8931
1615;0.2637;;-0.3422;-0.6502;-0.9606;-0.4847;-1.3777;-0.9143
1616;0.0927;;0.2453;-0.8562;-0.4505;-0.0883;-1.1502;-0.9587
1617;0.0861;;-0.1806;-0.2360;-1.0236;-0.2017;-0.9286;-0.8634
1618;0.1689;;-0.1513;-0.3617;-0.6296;-0.4413;-1.0181;-0.7670
1619;0.1297;;-0.5478;-0.3447;-0.6261;-0.3050;-0.9836;-0.6668
1620;0.0475;;-0.5478;-0.6979;-0.6759;-0.0227;-0.9803;-0.8497
1621;0.2222;;-0.2541;-0.9742;-1.3460;-0.2655;-1.5467;-0.8564
1622;0.1585;;-0.2247;-0.7121;-0.9909;-0.5559;-1.2224;-0.4909
1623;0.0368;;-0.7535;-0.6848;-0.6079;-0.4420;-1.0364;-0.8230
1624;-0.0063;;-0.6947;-0.8084;-0.5884;-0.2019;-0.9568;-0.8917
1625;0.0015;;-0.4157;-0.8356;-0.5416;-0.2112;-1.1464;-0.8789
1626;0.3054;;-0.1072;-0.8418;-0.7281;-0.3415;-0.9435;-0.9230
1627;-0.0315;;-0.5625;-0.1683;-0.7473;-0.5136;-0.8479;-0.8473
1628;0.0230;;-0.4891;-0.5079;-0.9828;-0.5035;-0.6003;-0.7107
1629;-0.1462;;-0.4303;-0.9879;-0.8363;-0.4931;-1.2943;-0.8699
1630;-0.0380;;-0.5919;-0.6149;-0.8003;-0.4251;-1.3970;-1.3097
1631;-0.0797;;-0.6800;-0.4994;-1.0327;-0.1886;-1.1709;-0.6721
1632;-0.0146;;-0.4597;-0.1100;-0.6875;0.0208;-1.6397;-0.8069
1633;0.0746;;-0.5185;-0.6472;-0.9645;-0.1582;-1.7332;-0.5180
1634;-0.2204;;-0.5919;-0.4227;-1.2491;-0.1567;-1.1323;-0.4272
1635;0.2942;;-0.2247;-0.4910;-0.5672;-0.0354;-1.1455;-0.4515
1636;0.2018;;-0.0631;-0.9213;-0.6225;-0.2089;-1.5019;-0.6512
1637;0.3588;;-0.1513;-0.6111;-0.6974;0.0155;-1.1370;-0.5972
1638;0.0412;;-0.3724;-0.5087;-0.9493;-0.4449;-1.1945;-0.8671
1639;0.0056;;-0.2391;-0.7758;-0.9079;-0.5536;-1.2542;-0.6312
1640;0.1690;;-0.0637;-0.9174;-0.4852;-0.0439;-0.9706;-0.7203
1641;-0.4214;;-1.3081;-1.2823;-2.7528;-1.5572;-1.5759;-2.2143
1642;-0.2198;;-1.1838;-1.0144;-2.2349;-1.1748;-1.6413;-1.4026
1643;-0.3487;;-1.3325;-0.6093;-1.3637;-0.9258;-1.2846;-1.3577
1644;-0.0936;;-0.9013;-0.9312;-1.0772;-0.2508;-1.4873;-1.1105
1645;0.1415;;-0.7080;-0.5696;-1.0448;-0.9669;-1.5744;-1.6945
1646;-0.0014;;-0.9756;-1.1569;-0.9029;-0.3972;-1.4730;-1.2135
1647;0.1246;;-0.6783;-0.8962;-0.9967;-0.4614;-1.4915;-1.2303
1648;0.2898;;-0.3660;-1.0667;-0.8755;-0.4877;-1.2079;-0.9407
1649;-0.1600;;-0.7229;-0.9137;-0.9143;-0.3176;-1.3881;-0.9941
1650;0.2953;;-0.3512;-0.4684;-1.0734;-0.4138;-1.2775;-0.5168
1651;0.0733;;-0.6188;-0.5739;-0.8092;-0.3809;-1.5193;0.0942
1652;0.0257;;-0.5742;-0.6837;-0.8147;0.0221;-1.3534;-0.5942
1653;0.1597;;-0.6337;-0.6580;-0.6611;-0.1896;-1.3174;-1.0661
1654;-0.1279;;-0.5742;-0.3860;-0.6290;-0.2551;-1.5051;-0.8184
1655;0.0077;;-0.3214;-0.6226;-0.9510;-0.2186;-1.5719;-0.7345
1656;0.1083;;-0.1281;-0.6988;-0.8736;-0.0748;-1.6150;-0.6024
1657;0.1060;;-0.2471;-0.5178;-0.6331;-0.2417;-1.4063;-0.5894
1658;0.0916;;-0.4552;-0.3723;-1.0674;-0.1703;-1.4088;-0.8937
1659;0.2173;;-0.0984;-0.5951;-0.8002;-0.1763;-1.2747;-0.5352
1660;0.4221;;-0.0538;-0.6084;-0.1897;-0.3771;-0.8908;-0.4213
1661;0.1392;;-0.3214;-0.6377;-0.7518;-0.1015;-1.3332;-0.5138
1662;0.0284;;-0.3065;-0.8347;-0.9715;-0.5061;-1.2039;-0.7745
1663;-0.1362;;-0.6039;-0.9665;-0.6276;-0.2097;-1.2997;-0.9472
1664;0.2230;;-0.3809;-0.7599;-0.5795;-0.3214;-1.3259;-0.9811
1665;0.2467;;-0.5742;-0.5797;-0.8255;-0.1685;-1.1720;-0.5227
1666;0.1669;;-0.4404;-0.8172;-1.0113;-0.1871;-1.2780;-0.6384
1667;-0.1387;;-0.8121;-0.7145;-0.2683;-0.1856;-0.9759;-0.6402
1668;0.1554;;-0.6337;-0.6378;-0.6506;-0.6524;-1.4282;-1.6563
1669;0.1920;;-0.4404;-0.7603;-0.9563;-0.4681;-1.0634;-1.2407
1670;-0.0732;;-0.8121;-0.7883;-0.6507;-0.5434;-1.2281;-0.8253
1671;0.2318;;-0.6783;-0.4648;-0.7570;-0.2484;-0.9661;-0.8774
1672;0.3391;;-0.5147;-0.9484;-0.8512;-0.3951;-1.0565;-0.8742
1673;0.1883;;-0.4998;-0.8480;-0.9172;-0.7064;-1.2710;-0.8221
1674;-0.1829;;-0.7824;-0.8264;-1.0835;-1.0344;-1.6828;-1.0693
1675;0.0580;;-0.6188;-0.8074;-1.0440;-0.9492;-1.3750;-0.9174
1676;-0.0939;;-0.7675;-0.9085;-0.8270;-0.4753;-1.3055;-0.9247
1677;-0.3254;;-1.0351;-0.7675;-0.9836;-0.6156;-1.0932;-0.9339
1678;0.1226;;-0.6039;-0.7887;-1.1513;-0.4904;-1.1529;-1.1550
1679;-0.0897;;-0.7824;-1.0534;-0.8722;-0.6316;-1.0066;-1.1075
1680;0.1883;;-0.5593;-0.8051;-1.1723;-0.6269;-1.3628;-1.0842
1681;0.2628;;-0.4106;-0.3270;-0.6987;-0.4166;-1.3655;-1.0328
1682;0.1699;;-0.5296;-0.2674;-0.8800;-0.4047;-1.2549;-1.0422
1683;0.1671;;-0.5296;-0.3781;-0.7045;-0.4018;-1.3255;-0.7045
1684;0.1567;;-0.3263;-0.7529;-0.6164;-0.1565;-1.0397;-0.8773
1685;-0.0113;;-0.6004;-0.9347;-0.6174;-0.3051;-0.9934;-0.7647
1686;0.0785;;-0.4634;-0.9067;-0.8994;-0.2511;-1.2209;-0.7130
1687;0.1889;;-0.4025;-0.4020;-1.0576;-0.4477;-1.1501;-0.9101
1688;0.1158;;-0.5090;-0.6800;-0.8004;-0.4593;-1.2132;-0.7367
1689;0.3252;;-0.1450;-0.7394;-0.7291;-0.4830;-0.5792;-0.4865
1690;0.0638;;-0.3738;-0.6670;-0.6500;-0.3788;-1.3317;-0.4006
1691;0.3165;;-0.1145;-0.3985;-0.2914;-0.3867;-1.5832;-0.7030
1692;0.2583;;-0.4652;-0.6832;-0.9245;-0.3335;-1.2966;-0.4260
1693;0.1128;;-0.1603;-0.7937;-0.3672;-0.2693;-1.6530;-0.5715
1694;0.0742;;-0.4652;-0.7924;-0.8796;-0.9740;-1.7247;-0.9493
1695;-0.1967;;-0.9532;-0.5176;-0.9885;-1.3653;-1.4866;-1.4570
1696;0.0018;;-0.6482;-0.7944;-1.0645;-1.7373;-1.6152;-1.4791
1697;-0.1203;;-0.9380;-0.4486;-1.1734;-1.4014;-1.4229;-1.2522
1698;-0.3920;;-1.3955;-0.5100;-1.2190;-1.0769;-1.3463;-1.1541
1699;-0.5667;;-1.4717;-0.3829;-0.9093;-0.7174;-1.2411;-1.0927
1700;0.0466;;-1.1667;-0.9696;-0.6487;-0.3331;-0.9906;-1.0846
1701;-0.1355;;-1.1057;-0.7874;-0.7940;-0.3599;-1.2939;-1.0718
1702;-0.0477;;-0.9227;-0.8976;-1.0715;-0.5188;-0.8749;-1.1648
1703;0.3751;;-0.5567;-0.8080;-1.0893;-0.2102;-0.9909;-0.8324
1704;0.4728;;-0.5262;-1.0339;-0.9183;-0.5861;-0.9966;-0.8968
1705;0.1486;;-0.8465;-1.1021;-1.1278;-0.1898;-1.2318;-0.8935
1706;0.1408;;-0.5872;-1.0885;-1.2600;-0.4165;-1.4608;-0.8514
1707;0.4153;;-0.2823;-0.6878;-0.7750;-0.3932;-1.3133;-0.5633
1708;0.2175;;-0.5262;-0.9281;-0.9699;-0.4530;-1.3573;-0.5507
1709;-0.1769;;-0.8007;-0.5757;-0.9046;-0.3206;-1.5335;-0.7160
1710;0.1723;;-0.6560;-0.7194;-0.8869;-0.1790;-1.2214;-0.7289
1711;-0.0780;;-0.7186;-0.5422;-0.3652;-0.1683;-1.8873;-0.7526
1712;0.0627;;-0.6248;-0.9549;-0.7996;-0.3883;-1.3685;-1.1508
1713;0.3259;;-0.4684;-0.9714;-0.7756;-0.3326;-1.6408;-0.2811
1714;-0.1099;;-0.8905;-0.7300;-0.9980;-0.0784;-1.1106;-0.6226
1715;0.3875;;-0.4684;-0.7317;-1.0489;-0.0611;-1.0947;-0.8265
1716;-0.0037;;-0.8905;-1.0391;-0.8787;-0.3372;-1.3404;-0.6289
1717;-0.0393;;-0.8905;-0.7193;-0.9179;-0.4726;-1.2289;-1.0547
1718;0.0633;;-0.7811;-0.4309;-0.7456;-0.4463;-1.1353;-1.1217
1719;0.2232;;-0.6560;-0.8936;-1.7844;-0.5148;-1.0503;-0.8822
1720;0.3161;;-0.2652;-1.0204;-2.1890;-0.3770;-1.0122;-0.5153
1721;0.2017;;-0.5779;-0.8094;-1.8361;-0.2271;-0.8735;-0.6915
1722;0.4997;;-0.2496;-0.6615;-1.2635;-0.1939;-1.2599;-0.5808
1723;0.1452;;-0.5310;-0.7960;-0.9230;-0.0614;-1.1639;-0.6446
1724;0.3594;;-0.4528;-1.0653;-0.9876;-0.4674;-1.1470;-0.7524
1725;0.1884;;-0.2339;-0.8191;-0.7552;-0.2431;-1.1228;-0.3401
1726;0.3076;;-0.3903;-0.7909;-0.6967;-0.3012;-1.1412;-0.9385
1727;0.3938;;-0.2808;-0.5149;-1.0332;-0.1979;-0.9547;-0.7212
1728;0.3455;;-0.3903;-0.7518;-0.7351;-0.2623;-1.2258;-1.0047
1729;0.1210;;-0.1401;-0.7728;-1.0525;-0.1342;-1.4757;-0.8702
1730;-0.1001;;-0.5466;-0.8543;-1.6858;-0.2656;-1.2627;-0.7160
1731;0.0983;;-0.6091;-0.6710;-1.1480;-0.6329;-1.1603;-1.0141
1732;-0.0002;;-0.4841;-0.7645;-0.8020;-0.3670;-1.2352;-0.8031
1733;0.1255;;-0.4215;-0.6987;-0.9592;-0.7013;-1.1762;-0.3855
1734;0.2136;;-0.2339;-0.8755;-0.6377;-0.3928;-1.2173;-0.8053
1735;0.0945;;-0.5310;-0.7455;-0.9108;-0.1593;-1.5024;-0.6565
1736;0.3225;;-0.3903;-0.8355;-0.7936;-0.2577;-1.5116;-0.5589
1737;0.3069;;-0.4372;-0.5127;-0.7904;-0.4156;-1.4694;-0.7059
1738;-0.0334;;-0.7186;-0.4311;-0.8418;-0.0421;-1.4104;-0.3207
1739;0.1613;;-0.2808;-0.7181;-0.7706;-0.2418;-1.1433;-0.6165
1740;0.1297;;-0.5935;-0.5682;-0.8809;-0.7186;-1.1751;-1.1390
1741;0.0025;;-0.6873;-0.5376;-0.7720;-0.4631;-1.4127;-0.6353
1742;-0.1291;;-0.6560;-0.3987;-0.6927;-0.3983;-1.2310;-1.0740
1743;0.1829;;-0.5466;-0.6127;-0.9499;-0.4073;-1.1418;-0.7196
1744;0.0706;;-0.7029;-0.8356;-0.6983;-0.3186;-1.0279;-0.8323
1745;-0.0952;;-0.5935;-0.7304;-0.8921;-0.2700;-0.8430;-0.9982
1746;0.0913;;-0.8123;-0.4398;-0.6590;-0.4340;-0.5825;-0.4838
1747;0.1845;;-0.7186;-0.5258;-0.3562;-0.3170;-1.1392;-0.6492
1748;0.3775;;-0.4684;-1.0958;-0.2421;-0.2804;-1.4826;-0.6037
1749;0.0069;;-0.6873;-0.6321;-0.4953;-0.1648;-0.6405;-0.5596
1750;0.3413;;-0.6248;-0.6433;-0.5103;-0.2263;-0.8939;-0.5331
1751;0.1295;;-0.6091;-0.5776;-0.1148;-0.1911;-0.7093;-0.6509
1752;0.1259;;-0.4528;-0.4047;-0.8678;-0.2128;-0.7632;-0.4191
1753;0.3693;;-0.6091;-0.8438;-0.8041;-0.4730;-0.7789;-0.3424
1754;0.4181;;-0.3277;-0.6181;-0.7568;-0.4550;-0.8279;-0.4842
1755;0.2420;;-0.6717;-0.6896;-0.4633;-0.2473;-0.9448;-0.8640
1756;0.3449;;-0.4372;-0.7409;-1.2947;-0.0777;-1.3491;-0.9401
1757;0.1383;;-0.5153;-0.2367;-1.1236;-0.1600;-1.3305;-0.3799
1758;0.2579;;-0.4684;-0.6073;-0.9008;-0.1706;-1.2231;-0.6843
1759;0.1103;;-0.5310;-0.6814;-0.7778;-0.3527;-1.2617;-1.3611
1760;0.3369;;-0.3277;-0.6722;-1.1292;-0.4432;-0.9837;-1.0365
1761;0.3301;;-0.3590;-1.1151;-0.8350;-0.4154;-1.2122;-0.6138
1762;0.4536;;-0.3121;-1.5932;-5.1510;-0.7129;-1.1823;-1.0283
1763;0.2553;;-0.0932;-1.0533;-2.8736;-0.4206;-1.0735;-1.0243
1764;0.0134;;-0.5153;-0.7207;-1.7001;-0.2508;-0.8497;-1.1826
1765;0.1858;;-0.5622;-1.1512;-1.1821;-0.2531;-1.2007;-0.6242
1766;0.3075;;-0.2652;-0.9586;-0.9088;-0.2908;-1.2547;-0.4200
1767;0.1008;;-0.4528;-0.6410;-0.9995;-0.0350;-1.5182;-0.2491
1768;0.2032;;-0.5466;-0.5893;-1.2425;-0.0194;-1.1645;-0.4556
1769;-0.1013;;-0.3746;-0.6151;-1.2870;-0.2796;-0.9172;-0.2726
1770;-0.0493;;-0.5153;-0.5472;-0.8317;-0.4058;-0.8150;-0.2951
1771;0.1473;;-0.3746;-0.6851;-0.9673;-0.1005;-1.0918;-0.9523
1772;-0.0494;;-0.6717;-0.3560;-0.9855;-0.5561;-1.2383;-0.2992
1773;0.3653;;-0.2027;-0.2970;-0.7833;-0.5353;-1.1315;-0.4766
1774;0.2029;;-0.3434;-0.3802;-0.9894;-0.1042;-0.8703;-0.4208
1775;0.1171;;-0.3277;-1.0114;-0.6054;-0.0802;-0.7566;-0.1460
1776;-0.0168;;-0.4684;-0.7172;-0.6219;-0.3289;-1.0479;-0.5886
1777;0.1484;;-0.2027;-0.5705;-0.8468;-0.3494;-0.7086;-0.8001
1778;0.1021;;-0.4215;-0.7565;-0.9696;-0.4330;-1.1346;-0.6925
1779;0.2018;;-0.3434;-0.8925;-0.8570;-0.4145;-1.0814;-0.5481
1780;0.0775;;-0.5622;-0.4693;-0.9220;-0.1985;-1.3227;-0.6962
1781;0.3406;;-0.2652;-0.9131;-0.9127;-0.4760;-0.9704;-0.7950
1782;0.0897;;-0.4059;-0.6610;-0.9089;-0.1181;-0.8958;-0.4949
1783;-0.5570;;-1.1875;-0.7958;-1.1771;-0.2024;-1.3076;-0.5444
1784;-0.1287;;-0.7498;-0.8653;-0.8492;-0.7561;-1.2809;-1.0857
1785;-0.0342;;-0.5779;-0.5584;-1.1263;-0.4371;-1.2292;-0.7086
1786;-0.2050;;-0.6404;-0.4888;-1.1458;-0.3758;-1.2386;-0.8346
1787;-0.1024;;-0.6091;-0.3836;-0.9612;-0.1431;-1.2863;-0.5422
1788;0.0552;;-0.7186;-0.4493;-0.8794;-0.7893;-1.0325;-0.7477
1789;0.1376;;-0.6248;-0.2696;-0.7241;-0.3084;-0.9993;-0.6087
1790;-0.1546;;-0.6248;-0.2453;-0.5418;-0.0642;-0.9933;-0.6089
1791;0.1758;;-0.5310;-0.6945;-0.9939;-0.1039;-1.0715;-0.4126
1792;0.0778;;-0.4059;-0.7652;-0.9483;-0.3641;-0.9375;-0.2505
1793;0.2647;;-0.4059;-0.4709;-0.9316;-0.1932;-1.1282;-0.0420
1794;0.2475;;-0.3746;-0.3519;-0.7592;-0.1887;-1.0335;-0.8119
1795;0.1224;;-0.4215;-0.2255;-0.8244;-0.0407;-0.7389;-0.3391
1796;0.3739;;-0.1714;-0.7379;-1.1766;-0.6573;-1.0148;-1.1254
1797;0.0006;;-0.3277;-0.4182;-1.2392;-0.3084;-0.9028;-0.5691
1798;0.3254;;-0.0776;-0.9316;-0.7135;-0.2827;-1.1910;-0.5609
1799;0.0628;;-0.3746;-0.2091;-0.8581;-0.2102;-0.9646;-0.6619
1800;-0.0665;;-0.6560;-0.5608;-1.1780;-0.2311;-0.6997;-0.4469
1801;0.1294;;-0.4059;0.1530;-0.9173;-0.2643;-1.2313;-0.5018
1802;0.1474;;-0.3121;-0.5012;-0.7325;-0.3064;-0.8021;-0.7039
1803;0.2150;;-0.3590;-0.4710;-0.7023;-0.4357;-0.7840;-0.5345
1804;0.2127;;-0.0463;-0.5878;-1.0284;-0.1959;-1.1431;-0.4125
1805;0.1680;;-0.1401;-0.5872;-0.5762;-0.0607;-0.7093;0.0981
1806;-0.0128;;-0.1558;-0.6396;-1.0838;-0.2024;-1.0532;-0.7807
1807;0.2813;;-0.2496;-0.4854;-0.5632;-0.0530;-1.0135;-0.8109
1808;0.3536;;-0.0463;-0.4367;-0.6643;0.1405;-1.0219;-0.6894
1809;-0.0146;;-0.4841;-0.3378;-1.5720;-1.6392;-1.2220;-1.5733
1810;0.0095;;-0.4997;-0.6576;-2.0674;-1.4637;-1.9167;-1.5537
1811;0.0163;;-0.4215;-0.8233;-1.3459;-1.2198;-1.4249;-0.9336
1812;-0.1636;;-0.9061;-0.4714;-0.9692;-0.6949;-1.3631;-0.7665
1813;-0.2365;;-0.9843;-0.6638;-1.0792;-0.3959;-1.3929;-1.2491
1814;-0.0499;;-0.9218;-0.2113;-1.2434;-0.1779;-1.2683;-1.0988
1815;-0.2623;;-0.8905;-1.2401;-2.0433;-1.2909;-1.6452;-1.2656
1816;-0.4490;;-1.4064;-1.2815;-3.1506;-2.1294;-2.8266;-2.5770
1817;-0.3636;;-1.2970;-1.0170;-1.9331;-1.6728;-1.7096;-2.0110
1818;-0.2252;;-1.0781;-0.8958;-1.2431;-1.3102;-1.2479;-1.6504
1819;-0.2355;;-1.2188;-1.2574;-1.2117;-0.5438;-1.4954;-0.9518
1820;0.0772;;-0.8592;-1.0860;-0.9410;-0.6419;-1.0348;-1.3511
1821;-0.0999;;-0.9999;-0.8836;-0.8592;-0.4011;-1.1036;-1.0468
1822;0.1511;;-0.5622;-0.3092;-0.7632;-0.4175;-1.1241;-1.1822
1823;0.2460;;-0.6404;-0.3667;-0.7956;-0.3817;-1.5018;-0.9584
1824;0.0835;;-0.7655;-0.5185;-0.8582;-0.0974;-1.3922;-0.9181
1825;-0.1235;;-0.8280;-0.7314;-0.8474;-0.0132;-1.4146;-0.6265
1826;0.2769;;-0.4997;-0.2794;-0.6468;-0.5206;-1.2184;-0.8465
1827;0.0063;;-0.9374;-0.8849;-0.5389;-0.4158;-0.9895;-0.5598
1828;0.1040;;-0.2496;-0.6782;-0.4452;-0.1386;-1.0595;-0.4475
1829;0.0038;;-0.5310;-0.3353;-0.4569;0.1019;-0.9318;-0.7599
1830;0.1102;;-0.4215;-0.5777;-0.7925;-0.3988;-1.2615;-0.4840
1831;0.0575;;-0.6404;-0.0428;-1.2488;-0.2649;-1.3624;-0.1897
1832;-0.3141;;-1.1406;-0.5042;-1.2350;-1.4747;-1.5486;-1.3662
1833;-0.4298;;-1.0625;-0.7609;-1.0670;-0.8029;-1.2358;-0.8172
1834;-0.0202;;-0.6091;-0.4114;-0.7597;-0.4362;-1.3138;-0.7506
1835;-0.1679;;-1.1875;-0.7285;-2.0924;-1.1793;-1.3402;-1.3612
1836;-0.2762;;-1.4533;-0.8206;-1.0349;-1.2390;-1.4678;-1.4140
1837;-0.1432;;-1.1250;-0.7927;-1.0068;-0.8979;-1.2229;-0.8671
1838;-0.0790;;-1.0468;-0.4511;-0.7277;-0.7563;-1.2157;-0.7906
1839;-0.0483;;-0.8749;-0.7689;-0.7967;-0.4670;-0.8560;-0.8453
1840;0.1672;;-0.7967;-0.3460;-0.7919;-0.5508;-0.6080;-0.2372
1841;0.0231;;-0.9374;-0.7575;-1.0222;-0.4169;-0.7949;-0.5754
1842;0.0362;;-0.8436;-0.7809;-0.7789;-0.2676;-0.6010;-0.6818
1843;-0.0295;;-0.9843;-0.4143;-1.0514;-0.4853;-0.8655;-0.8055
1844;0.1557;;-0.7811;-0.8913;-0.9003;-0.3763;-1.0059;-0.5756
1845;-0.0358;;-0.6560;-0.4652;-0.3928;-0.4823;-0.7285;-0.5216
1846;0.4916;;-0.1401;-0.3675;-0.6151;-0.2208;-0.8299;-0.5239
1847;0.0042;;-0.6873;-0.5475;-0.4234;-0.2324;-1.0730;-0.1230
1848;0.1259;;-0.4215;-0.5444;-0.8159;-0.2601;-0.7019;-0.4346
1849;0.0841;;-0.8905;-0.7201;-0.6309;-0.2932;-0.7159;-0.4255
1850;0.0855;;-0.7655;-0.4436;-0.3681;-0.0097;-0.4678;-0.3231
1851;0.0680;;-0.7811;-0.5371;-0.0846;0.0891;-0.4984;-0.5976
1852;0.0254;;-0.5466;-0.5769;-0.3487;0.0175;-0.3756;-0.3009
1853;0.1498;;-0.5622;-0.2342;-0.2829;-0.1044;-0.4979;-0.4954
1854;-0.0042;;-0.7967;-0.2571;-0.8887;0.1313;-0.2731;-0.8798
1855;-0.3231;;-0.7498;-0.1520;-0.7792;0.0457;-0.2257;-0.5971
1856;-0.1142;;-0.8280;0.0961;-0.7572;-0.3407;-0.8271;-0.8464
1857;-0.1357;;-0.8592;-2.0209;-0.8610;-0.4723;-0.8865;-0.8694
1858;0.1521;;-0.4059;-0.9363;-0.4202;-0.2774;-0.9105;-1.0381
1859;0.1297;;-0.6248;-0.2677;-0.2651;-0.3139;-0.3289;-0.5535
1860;-0.1318;;-0.5935;-0.2120;-0.5367;-0.1781;-0.4222;-0.8943
1861;0.2902;;-0.3590;-0.4880;0.1182;0.1241;-0.5571;-0.2764
1862;-0.2690;;-0.6873;-0.5515;-0.4335;-0.1322;-0.6231;-0.7510
1863;-0.0079;;-0.6091;-0.7942;-0.5763;-0.0709;-0.7880;-0.7852
1864;-0.0416;;-0.7655;-0.6180;-0.5742;0.1664;-0.6152;-0.8440
1865;0.1283;;-0.7342;-0.3249;-0.2075;0.0010;-0.4974;-0.3249
1866;-0.0177;;-0.7186;-0.3296;-0.2627;-0.0656;-0.3079;-0.7206
1867;-0.1329;;-0.8436;-0.5458;-0.4214;0.1025;-0.5251;-0.7702
1868;0.1608;;-0.4841;-0.6397;-0.5567;-0.0336;-0.4298;-0.3474
1869;0.0076;;-0.7811;0.0606;-0.3093;0.0422;-0.2536;-0.1997
1870;-0.0157;;-0.6404;-0.3396;-0.0739;-0.1184;-0.4785;-0.3454
1871;-0.1967;;-0.8123;-0.3292;-0.3751;-0.3156;-0.3358;-0.4919
1872;-0.0368;;-0.5622;-0.1776;-0.2458;0.1308;-0.3181;-0.5140
1873;0.0806;;-0.4372;-0.0627;-0.4119;-0.1776;-0.3906;-0.1482
1874;0.0396;;-0.6404;-0.2489;-0.2691;0.2086;-0.2532;-0.3452
1875;0.3316;;-0.4372;-0.0996;-0.4104;-0.0412;-0.2745;-0.3071
1876;0.0028;;-0.5622;-0.3093;-0.4607;0.0192;-0.3446;-0.5801
1877;0.2364;;-0.3434;-0.2363;-0.2008;-0.1621;0.0091;-0.9548
1878;0.4878;;0.0474;-0.6250;-0.3813;-0.3079;-0.4479;-0.4860
1879;0.1037;;-0.2339;-0.1773;-0.3549;0.0058;-0.2178;-0.3304
1880;0.0373;;-0.2808;-0.3368;-0.2093;-0.0302;-0.3639;-0.2639
1881;-0.0707;;-0.4059;-0.2211;-0.4794;-0.1110;-0.2834;-0.5807
1882;-0.0481;;-0.2183;-0.4579;-0.0964;-0.0382;-0.7045;-0.1742
1883;-0.1015;;-0.4841;-0.5374;-0.2527;-0.3359;-0.8039;-0.6502
1884;-0.4768;;-0.8905;-1.8227;-1.6732;-0.5375;-1.3347;-0.7850
1885;-0.3231;;-0.4684;-0.7730;-0.9501;-0.4274;-0.6342;-1.0571
1886;0.0529;;-0.1245;-0.4679;-0.3255;-0.3506;-0.4906;-0.8466
1887;-0.1281;;-0.6873;-0.4420;-0.4625;-0.5463;-0.5124;-0.1725
1888;-0.0895;;-0.6404;-0.2291;0.0788;-0.1612;-0.5072;-0.7724
1889;0.1091;;-0.2496;-0.5724;-0.3519;-0.1112;-0.8846;-0.5378
1890;-0.0183;;-0.4841;-0.7211;-0.7005;-0.3359;-0.9302;-0.7844
1891;-0.1325;;-0.4059;-0.9696;-0.6259;-0.6114;-0.8070;-0.6598
1892;0.0041;;-0.4841;-0.5086;-0.4716;-0.4528;-0.2369;-0.9135
1893;0.1289;;-0.4684;-0.2483;-0.4660;-0.2464;-0.7761;-0.5401
1894;0.0794;;-0.3746;-0.7138;-0.5088;-0.1164;-0.8391;-0.8186
1895;0.1952;;-0.0932;-0.2213;-0.5970;-0.1642;-0.7653;-0.7869
1896;0.0415;;-0.3277;-0.5219;-0.1538;-0.2281;-0.9486;-0.1936
1897;0.2627;;-0.0776;-0.2671;-0.7470;0.0529;-0.8099;-0.6209
1898;0.2065;;-0.2496;-0.4469;-0.3062;0.0055;-0.3499;-0.3528
1899;-0.1283;;-0.4997;-0.3570;0.2761;0.1707;-0.7682;-0.6071
1900;0.1203;;-0.3121;-0.3446;-0.7442;0.0439;-0.1744;-0.6897
1901;0.2121;;-0.0307;-0.1175;-0.5397;-0.2255;-0.4905;-0.4923
1902;-0.1168;;-0.4997;-0.5133;-0.7933;-0.0153;-0.2951;-0.6790
1903;-0.1024;;-0.3121;-1.2414;-1.0931;-0.5803;-0.6062;-0.9822
1904;0.0930;;-0.4059;-1.0083;-1.1509;-0.2788;-0.3128;-0.6769
1905;-0.0445;;-0.4684;-0.6964;-0.7956;-0.1734;-0.1304;-0.9459
1906;0.0887;;-0.3590;-0.5083;-0.8760;-0.1174;-0.2455;-0.4430
1907;-0.0349;;-0.6248;-0.6889;-0.6906;-0.2225;-0.2301;-0.8559
1908;0.3232;;-0.3590;-0.6397;-0.6409;-0.0457;-0.2731;-0.6365
1909;0.1002;;-0.1870;-0.0904;-0.6664;-0.1516;-0.0614;-0.4659
1910;0.0811;;-0.5779;-0.4283;-0.1085;-0.0022;-0.3241;-0.5890
1911;0.3413;;-0.2496;-0.2345;-0.3122;-0.0321;-0.3925;-0.2066
1912;-0.3906;;-0.8436;-0.4061;-0.7464;-0.2387;-0.5233;-0.6238
1913;0.0683;;-0.7029;-0.7265;-0.6956;-0.1581;-0.2763;-0.7191
1914;-0.0851;;-0.4997;-0.4947;-0.7200;-0.2700;-0.2712;-0.6268
1915;0.3246;;-0.3746;-0.4270;-0.3196;0.0298;-0.2307;-0.4626
1916;0.0531;;-0.3590;-0.6212;-0.4268;-0.2245;-0.4530;-0.0862
1917;0.0023;;-0.5466;-0.3236;0.2878;0.2027;-0.1576;-0.1002
1918;-0.0452;;-0.4684;-0.2204;-0.2548;-0.2299;-0.3820;0.0834
1919;0.1739;;-0.1714;-0.4921;-0.2284;0.1138;-0.1601;-0.2852
1920;0.3967;;-0.0307;-0.1000;0.4508;-0.3119;-0.2681;-0.7102
1921;0.3164;;0.0006;0.0158;-0.0040;0.1300;-0.2429;-0.4315
1922;0.3316;;-0.2496;0.0208;-0.0821;-0.0617;-0.2298;-0.3108
1923;0.2124;;-0.2183;-0.4499;-0.0345;-0.0427;-0.1211;-0.2241
1924;0.2211;;0.0631;-0.0121;0.1570;-0.0001;-0.5880;-0.1439
1925;0.0210;;-0.0620;0.0096;-0.1772;0.0173;-0.0188;-0.3268
1926;0.1646;;-0.1558;-0.3075;-0.1313;0.2818;-0.1573;-0.0250
1927;0.3036;;-0.1401;-0.0671;-0.4097;-0.0001;-0.0164;0.0195
1928;0.3502;;-0.0463;-0.5680;0.5144;0.0051;-0.1259;0.0679
1929;-0.0100;;-0.3277;-0.4472;-0.4759;0.0978;-0.4523;-0.2705
1930;0.4640;;0.4070;-0.3771;-0.4240;0.0587;-0.1789;-0.3153
1931;0.1702;;-0.2496;-0.1664;-0.1952;0.0775;-0.1809;-0.3983
1932;0.3029;;-0.2339;-0.3531;0.2822;0.0420;-0.0118;-0.3063
1933;0.1923;;-0.0307;0.1388;-0.4862;-0.0676;-0.0014;0.0754
1934;0.1439;;-0.0620;-0.0032;-0.2695;0.1427;-0.2922;-0.0777
1935;0.1827;;0.0631;-0.2774;-0.2274;-0.1267;-0.1613;-0.0718
1936;0.1370;;-0.0776;0.1232;-0.1305;0.1401;-0.3715;-0.1888
1937;0.2523;;0.1256;0.1655;-0.0747;0.2531;-0.2660;-0.1963
1938;0.3145;;0.0943;0.1004;-0.0811;0.2900;-0.0624;-0.3190
1939;0.2489;;0.1256;-0.4554;0.3243;0.1620;-0.4089;-0.6219
1940;0.2547;;-0.0776;-0.4020;0.0186;-0.2252;-0.2181;0.2537
1941;0.0244;;-0.0463;-0.3242;-0.3006;-0.1455;-0.1110;-0.1627
1942;0.4632;;0.1569;-0.1610;-0.2484;-0.0037;0.0080;0.1274
1943;0.4594;;0.2194;0.2773;-0.2245;-0.0159;-0.0575;-0.1153
1944;0.0708;;0.1569;-0.2879;0.1577;0.0705;-0.2456;-0.3004
1945;0.4700;;0.2350;-0.0391;-0.0133;0.1802;0.1040;-0.3540
1946;0.1978;;0.4226;-0.3401;-0.0382;0.0240;0.0901;-0.5476
1947;0.1030;;-0.0776;-0.1225;0.0810;-0.1345;0.2688;-0.2532
1948;0.3303;;0.4539;-0.3119;-0.1949;0.2581;-0.2855;-0.1569
1949;0.1106;;-0.1089;0.0531;-0.2077;0.5013;0.6693;-0.3630
1950;0.3893;;0.4695;-0.3555;-0.2096;0.3242;0.1393;-0.1788
1951;0.2970;;0.3132;0.0195;-0.0434;0.3801;0.0837;-0.1852
1952;0.1922;;0.1569;-0.3531;0.1311;0.1588;-0.1765;0.0372
1953;0.6158;;0.2663;-0.0985;-0.1535;0.0999;-0.0753;-0.0572
1954;0.3167;;0.3445;-0.4604;-0.0675;0.0007;-0.2255;-0.2298
1955;0.2564;;0.4539;-0.4126;0.2027;0.2125;-0.3245;0.1487
1956;0.1925;;-0.2183;-0.2901;0.2922;0.0741;-0.1962;-0.0262
1957;0.0992;;-0.1089;-0.0691;-0.0797;0.0411;-0.0933;0.0294
1958;0.0061;;-0.0307;-0.2630;-0.0350;-0.0427;-0.2089;-0.1644
1959;0.1275;;0.0162;-0.1495;-0.0194;0.1457;-0.1313;-0.2539
1960;0.2125;;0.0162;0.0160;0.1361;-0.0359;0.1412;0.1815
1961;0.1465;;0.1412;-0.1162;0.0929;0.0484;-0.0279;-0.2615
1962;0.0897;;-0.0620;0.0903;-0.3232;-0.0137;-0.1432;-0.2798
1963;-0.0121;;0.0318;-0.1894;-0.6529;0.1255;-0.6286;0.0197
1964;0.0235;;-0.1245;-0.7121;-0.4458;-0.2626;-0.9038;-0.2414
1965;-0.0269;;-0.2339;-0.2306;-0.7441;-0.1889;-0.4824;-0.0378
1966;0.0648;;-0.0463;-0.0577;-0.3862;0.0345;-0.5616;0.0021
1967;0.0292;;-0.0307;-0.2272;-0.0633;-0.3744;0.0385;0.0554
1968;-0.2471;;-0.3277;0.0098;0.1257;-0.2101;-0.3758;-0.0840
1969;-0.2749;;-0.2965;-0.6857;-0.5663;-0.2920;-0.5830;-0.3776
1970;0.0206;;-0.1245;-0.2630;0.0939;0.0303;0.2381;-0.3433
1971;0.0059;;-0.2652;0.2471;-0.2144;0.0492;0.0495;0.0224
1972;-0.1062;;-0.4059;-0.2536;0.2079;0.0426;-0.0343;-0.2506
1973;0.0950;;-0.0307;-0.1704;-0.1161;0.0265;0.0690;0.1245
1974;0.1000;;0.0318;-0.1348;-0.2619;-0.1549;0.2167;-0.1784
1975;-0.3664;;-0.1870;-0.2507;0.1430;0.0863;-0.0346;-0.2478
1976;-0.1224;;-0.1245;-0.3311;-0.2118;0.0798;0.0444;-0.2174
1977;0.0528;;0.1100;-0.1949;-0.0590;0.0132;-0.0383;0.0326
1978;-0.1931;;-0.1558;-0.2478;0.0325;0.1875;0.1558;0.2340
1979;0.1017;;0.1881;-0.0378;0.0975;0.1941;0.2731;0.2015
1980;0.0412;;0.2819;0.2960;0.2769;0.4301;0.1490;0.4618
1981;0.1374;;-0.0151;0.2312;0.4618;0.1184;0.2260;0.3748
1982;0.0343;;0.1256;0.1030;0.1171;-0.0848;-0.1860;0.3068
1983;-0.0744;;0.0787;-0.0395;-0.2001;-0.8245;-0.3226;-0.2699
1984;-0.3089;;0.1100;0.0992;0.4491;-0.0288;0.0618;-0.1007
1985;0.0150;;0.2194;0.6334;0.2351;-0.0589;0.2490;0.0225
1986;0.0228;;0.2038;0.4578;0.1649;-0.0503;0.4919;0.1313
1987;-0.0737;;-0.1245;0.2706;0.0676;0.0399;0.3608;0.2906
1988;0.1401;;0.3288;0.4258;0.5655;0.1430;0.4755;0.2729
1989;0.2845;;0.4750;0.7746;0.7689;0.3344;0.6407;0.2430
1990;0.4008;;0.2289;0.5039;0.3449;0.5602;0.5825;0.0945
1991;0.2970;;0.0314;0.4940;0.7280;0.4987;0.4643;0.1141
1992;0.0752;;-0.1101;-0.4792;-0.7867;-0.1388;0.3747;-0.2092
1993;0.1205;;0.1385;0.0269;-0.1925;-0.0757;0.6414;0.1467
1994;0.4070;;0.5637;0.4772;0.6868;0.1595;0.3789;0.1337
1995;0.0156;;0.0360;0.4226;0.7400;0.2423;0.0136;0.1083
1996;-0.1413;;-0.0561;0.5286;0.5847;0.3118;0.9070;0.4750
1997;0.1865;;0.2148;0.4846;0.7566;0.5920;0.6206;0.7009
1998;0.2208;;0.4278;0.6399;0.8618;0.5310;1.2160;0.4884
1999;0.1140;;0.2359;0.7654;0.8590;0.7807;0.8646;0.5851
2000;0.2959;;0.4612;0.7756;1.0938;0.6654;1.0738;0.5668
2001;0.0993;;0.0760;1.0538;1.3524;1.1216;1.2154;0.6422
2002;0.2007;;0.3361;0.9140;0.7639;0.7071;1.1444;0.6860
2003;;;0.8664;1.1029;0.8760;0.8081;1.1070;0.8740
2004;;;0.5608;0.8683;0.9171;0.7539;1.0002;0.7565
2005;;;0.6941;1.1468;0.6185;0.7075;1.2474;1.1965
